series_id,observation_period,observation_date,available_date,availability_basis,retrieved_at,value,unit,source_value_url,availability_evidence_url,vintage,quality_flags,source_title
cn_industrial_production,2021-09,2021-09-30,2021-10-18,official_release,2026-10-07T17:11:40+08:00,3.1,percent_yoy,https://www.stats.gov.cn/sj/zxfb/202302/t20230203_1901241.html,https://www.stats.gov.cn/sj/zxfb/202302/t20230203_1901241.html,2021-10-18,"[""release_date_has_official_evidence"", ""seeded_from_frozen_pr13_snapshot""]",
cn_industrial_production,2021-10,2021-10-31,2021-11-15,official_release,2026-10-07T17:11:40+08:00,3.5,percent_yoy,https://www.stats.gov.cn/sj/zxfb/202302/t20230203_1901279.html,https://www.stats.gov.cn/sj/zxfb/202302/t20230203_1901279.html,2021-11-15,"[""release_date_has_official_evidence"", ""seeded_from_frozen_pr13_snapshot""]",
cn_industrial_production,2021-11,2021-11-30,2021-12-15,official_release,2026-10-07T17:11:40+08:00,3.8,percent_yoy,https://www.stats.gov.cn/sj/zxfb/202302/t20230203_1901305.html,https://www.stats.gov.cn/sj/zxfb/202302/t20230203_1901305.html,2021-12-15,"[""release_date_has_official_evidence"", ""seeded_from_frozen_pr13_snapshot""]",
cn_industrial_production,2021-12,2021-12-31,2022-01-17,official_release,2026-10-07T17:11:40+08:00,4.3,percent_yoy,https://www.stats.gov.cn/sj/zxfb/202302/t20230203_1901337.html,https://www.stats.gov.cn/sj/zxfb/202302/t20230203_1901337.html,2022-01-17,"[""release_date_has_official_evidence"", ""seeded_from_frozen_pr13_snapshot""]",
cn_industrial_production,2022-01/2022-02,2022-02-28,2022-03-15,official_release,2026-10-07T17:11:40+08:00,7.5,percent_yoy,https://www.stats.gov.cn/sj/zxfb/202302/t20230203_1901403.html,https://www.stats.gov.cn/sj/zxfb/202302/t20230203_1901403.html,2022-03-15,"[""release_date_has_official_evidence"", ""multi_month_period"", ""joint_period_release"", ""seeded_from_frozen_pr13_snapshot""]",
cn_industrial_production,2022-03,2022-03-31,2022-04-18,official_release,2026-10-07T17:11:40+08:00,5.0,percent_yoy,https://www.stats.gov.cn/sj/zxfb/202302/t20230203_1901428.html,https://www.stats.gov.cn/sj/zxfb/202302/t20230203_1901428.html,2022-04-18,"[""release_date_has_official_evidence"", ""seeded_from_frozen_pr13_snapshot""]",
cn_industrial_production,2022-01/2022-04,2022-04-30,2022-05-16,official_release,2026-10-07T17:11:40+08:00,4.0,percent_yoy,https://www.stats.gov.cn/sj/zxfb/202302/t20230203_1901461.html,https://www.stats.gov.cn/sj/zxfb/202302/t20230203_1901461.html,2022-05-16,"[""release_date_has_official_evidence"", ""multi_month_period"", ""seeded_from_frozen_pr13_snapshot""]",
cn_industrial_production,2022-05,2022-05-31,2022-06-15,official_release,2026-10-07T17:11:40+08:00,0.7,percent_yoy,https://www.stats.gov.cn/sj/zxfb/202302/t20230203_1901487.html,https://www.stats.gov.cn/sj/zxfb/202302/t20230203_1901487.html,2022-06-15,"[""release_date_has_official_evidence"", ""seeded_from_frozen_pr13_snapshot""]",
cn_industrial_production,2022-06,2022-06-30,2022-07-15,official_release,2026-10-07T17:11:40+08:00,3.9,percent_yoy,https://www.stats.gov.cn/sj/zxfb/202302/t20230203_1901514.html,https://www.stats.gov.cn/sj/zxfb/202302/t20230203_1901514.html,2022-07-15,"[""release_date_has_official_evidence"", ""seeded_from_frozen_pr13_snapshot""]",
cn_industrial_production,2022-07,2022-07-31,2022-08-15,official_release,2026-10-07T17:11:40+08:00,3.8,percent_yoy,https://www.stats.gov.cn/sj/zxfb/202302/t20230203_1901549.html,https://www.stats.gov.cn/sj/zxfb/202302/t20230203_1901549.html,2022-08-15,"[""release_date_has_official_evidence"", ""seeded_from_frozen_pr13_snapshot""]",
cn_industrial_production,2022-08,2022-08-31,2022-09-16,official_release,2026-10-07T17:11:40+08:00,4.2,percent_yoy,https://www.stats.gov.cn/sj/zxfb/202302/t20230203_1901580.html,https://www.stats.gov.cn/sj/zxfb/202302/t20230203_1901580.html,2022-09-16,"[""release_date_has_official_evidence"", ""seeded_from_frozen_pr13_snapshot""]",
cn_industrial_production,2022-09,2022-09-30,2022-10-24,official_release,2026-10-07T17:11:40+08:00,6.3,percent_yoy,https://www.stats.gov.cn/sj/zxfb/202302/t20230203_1901616.html,https://www.stats.gov.cn/sj/zxfb/202302/t20230203_1901616.html,2022-10-24,"[""release_date_has_official_evidence"", ""seeded_from_frozen_pr13_snapshot""]",
cn_industrial_production,2022-10,2022-10-31,2022-11-15,official_release,2026-10-07T17:11:40+08:00,5.0,percent_yoy,https://www.stats.gov.cn/sj/zxfb/202302/t20230203_1901652.html,https://www.stats.gov.cn/sj/zxfb/202302/t20230203_1901652.html,2022-11-15,"[""release_date_has_official_evidence"", ""seeded_from_frozen_pr13_snapshot""]",
cn_industrial_production,2022-11,2022-11-30,2022-12-15,official_release,2026-10-07T17:11:40+08:00,2.2,percent_yoy,https://www.stats.gov.cn/sj/zxfb/202302/t20230203_1901679.html,https://www.stats.gov.cn/sj/zxfb/202302/t20230203_1901679.html,2022-12-15,"[""release_date_has_official_evidence"", ""seeded_from_frozen_pr13_snapshot""]",
cn_industrial_production,2022-12,2022-12-31,2023-01-17,official_release,2026-10-07T17:11:40+08:00,1.3,percent_yoy,https://www.stats.gov.cn/sj/zxfb/202302/t20230203_1901710.html,https://www.stats.gov.cn/sj/zxfb/202302/t20230203_1901710.html,2023-01-17,"[""release_date_has_official_evidence"", ""seeded_from_frozen_pr13_snapshot""]",
cn_industrial_production,2023-01/2023-02,2023-02-28,2023-03-15,official_release,2026-10-07T17:11:40+08:00,2.4,percent_yoy,https://www.stats.gov.cn/sj/zxfb/202303/t20230315_1937192.html,https://www.stats.gov.cn/sj/zxfb/202303/t20230315_1937192.html,2023-03-15,"[""release_date_has_official_evidence"", ""multi_month_period"", ""joint_period_release"", ""seeded_from_frozen_pr13_snapshot""]",
cn_industrial_production,2023-03,2023-03-31,2023-04-18,official_release,2026-10-07T17:11:40+08:00,3.9,percent_yoy,https://www.stats.gov.cn/sj/zxfb/202304/t20230418_1938707.html,https://www.stats.gov.cn/sj/zxfb/202304/t20230418_1938707.html,2023-04-18,"[""release_date_has_official_evidence"", ""seeded_from_frozen_pr13_snapshot""]",
cn_industrial_production,2023-04,2023-04-30,2023-05-16,official_release,2026-10-07T17:11:40+08:00,5.6,percent_yoy,https://www.stats.gov.cn/sj/zxfb/202305/t20230516_1939487.html,https://www.stats.gov.cn/sj/zxfb/202305/t20230516_1939487.html,2023-05-16,"[""release_date_has_official_evidence"", ""seeded_from_frozen_pr13_snapshot""]",
cn_industrial_production,2023-05,2023-05-31,2023-06-15,official_release,2026-10-07T17:11:40+08:00,3.5,percent_yoy,https://www.stats.gov.cn/sj/zxfb/202306/t20230615_1940626.html,https://www.stats.gov.cn/sj/zxfb/202306/t20230615_1940626.html,2023-06-15,"[""release_date_has_official_evidence"", ""seeded_from_frozen_pr13_snapshot""]",
cn_industrial_production,2023-06,2023-06-30,2023-07-17,official_release,2026-10-07T17:11:40+08:00,3.8,percent_yoy,https://www.stats.gov.cn/sj/zxfb/202307/t20230715_1941268.html,https://www.stats.gov.cn/sj/zxfb/202307/t20230715_1941268.html,2023-07-17,"[""release_date_has_official_evidence"", ""seeded_from_frozen_pr13_snapshot""]",
cn_industrial_production,2023-07,2023-07-31,2023-08-15,official_release,2026-10-07T17:11:40+08:00,3.7,percent_yoy,https://www.stats.gov.cn/sj/zxfb/202308/t20230815_1941959.html,https://www.stats.gov.cn/sj/zxfb/202308/t20230815_1941959.html,2023-08-15,"[""release_date_has_official_evidence"", ""seeded_from_frozen_pr13_snapshot""]",
cn_industrial_production,2023-08,2023-08-31,2023-09-15,official_release,2026-10-07T17:11:40+08:00,4.5,percent_yoy,https://www.stats.gov.cn/sj/zxfb/202309/t20230915_1942845.html,https://www.stats.gov.cn/sj/zxfb/202309/t20230915_1942845.html,2023-09-15,"[""release_date_has_official_evidence"", ""seeded_from_frozen_pr13_snapshot""]",
cn_industrial_production,2023-09,2023-09-30,2023-10-18,official_release,2026-10-07T17:11:40+08:00,4.5,percent_yoy,https://www.stats.gov.cn/sj/zxfb/202310/t20231018_1943655.html,https://www.stats.gov.cn/sj/zxfb/202310/t20231018_1943655.html,2023-10-18,"[""release_date_has_official_evidence"", ""seeded_from_frozen_pr13_snapshot""]",
cn_industrial_production,2023-10,2023-10-31,2023-11-15,official_release,2026-10-07T17:11:40+08:00,4.6,percent_yoy,https://www.stats.gov.cn/sj/zxfb/202311/t20231115_1944531.html,https://www.stats.gov.cn/sj/zxfb/202311/t20231115_1944531.html,2023-11-15,"[""release_date_has_official_evidence"", ""seeded_from_frozen_pr13_snapshot""]",
cn_industrial_production,2023-11,2023-11-30,2023-12-15,official_release,2026-10-07T17:11:40+08:00,6.6,percent_yoy,https://www.stats.gov.cn/sj/zxfb/202312/t20231215_1945571.html,https://www.stats.gov.cn/sj/zxfb/202312/t20231215_1945571.html,2023-12-15,"[""release_date_has_official_evidence"", ""seeded_from_frozen_pr13_snapshot""]",
cn_industrial_production,2023-12,2023-12-31,2024-01-17,official_release,2026-10-07T17:11:40+08:00,6.8,percent_yoy,https://www.stats.gov.cn/sj/zxfb/202401/t20240116_1946621.html,https://www.stats.gov.cn/sj/zxfb/202401/t20240116_1946621.html,2024-01-17,"[""release_date_has_official_evidence"", ""seeded_from_frozen_pr13_snapshot""]",
cn_industrial_production,2024-01/2024-02,2024-02-29,2024-03-18,official_release,2026-10-07T17:11:40+08:00,7.0,percent_yoy,https://www.stats.gov.cn/sj/zxfb/202403/t20240322_1948129.html,https://www.stats.gov.cn/sj/zxfb/202403/t20240322_1948129.html,2024-03-18,"[""release_date_has_official_evidence"", ""multi_month_period"", ""joint_period_release"", ""seeded_from_frozen_pr13_snapshot""]",
cn_industrial_production,2024-03,2024-03-31,2024-04-16,official_release,2026-10-07T17:11:40+08:00,4.5,percent_yoy,https://www.stats.gov.cn/sj/zxfb/202404/t20240416_1948563.html,https://www.stats.gov.cn/sj/zxfb/202404/t20240416_1948563.html,2024-04-16,"[""release_date_has_official_evidence"", ""seeded_from_frozen_pr13_snapshot""]",
cn_industrial_production,2024-04,2024-04-30,2024-05-17,official_release,2026-10-07T17:11:40+08:00,6.7,percent_yoy,https://www.stats.gov.cn/sj/zxfb/202405/t20240517_1950399.html,https://www.stats.gov.cn/sj/zxfb/202405/t20240517_1950399.html,2024-05-17,"[""release_date_has_official_evidence"", ""seeded_from_frozen_pr13_snapshot""]",
cn_industrial_production,2024-05,2024-05-31,2024-06-17,official_release,2026-10-07T17:11:40+08:00,5.6,percent_yoy,https://www.stats.gov.cn/sj/zxfb/202406/t20240617_1954712.html,https://www.stats.gov.cn/sj/zxfb/202406/t20240617_1954712.html,2024-06-17,"[""release_date_has_official_evidence"", ""seeded_from_frozen_pr13_snapshot""]",
cn_industrial_production,2024-06,2024-06-30,2024-07-15,official_release,2026-10-07T17:11:40+08:00,5.3,percent_yoy,https://www.stats.gov.cn/sj/zxfb/202407/t20240715_1955596.html,https://www.stats.gov.cn/sj/zxfb/202407/t20240715_1955596.html,2024-07-15,"[""release_date_has_official_evidence"", ""seeded_from_frozen_pr13_snapshot""]",
cn_industrial_production,2024-07,2024-07-31,2024-08-15,official_release,2026-10-07T17:11:40+08:00,5.1,percent_yoy,https://www.stats.gov.cn/sj/zxfb/202408/t20240815_1955984.html,https://www.stats.gov.cn/sj/zxfb/202408/t20240815_1955984.html,2024-08-15,"[""release_date_has_official_evidence"", ""seeded_from_frozen_pr13_snapshot""]",
cn_industrial_production,2024-08,2024-08-31,2024-09-14,official_release,2026-10-07T17:11:40+08:00,4.5,percent_yoy,https://www.stats.gov.cn/sj/zxfb/202409/t20240914_1956486.html,https://www.stats.gov.cn/sj/zxfb/202409/t20240914_1956486.html,2024-09-14,"[""release_date_has_official_evidence"", ""seeded_from_frozen_pr13_snapshot""]",
cn_industrial_production,2024-09,2024-09-30,2024-10-18,official_release,2026-10-07T17:11:40+08:00,5.4,percent_yoy,https://www.stats.gov.cn/sj/zxfb/202410/t20241018_1957043.html,https://www.stats.gov.cn/sj/zxfb/202410/t20241018_1957043.html,2024-10-18,"[""release_date_has_official_evidence"", ""seeded_from_frozen_pr13_snapshot""]",
cn_industrial_production,2024-10,2024-10-31,2024-11-15,official_release,2026-10-07T17:11:40+08:00,5.3,percent_yoy,https://www.stats.gov.cn/sj/zxfb/202411/t20241115_1957430.html,https://www.stats.gov.cn/sj/zxfb/202411/t20241115_1957430.html,2024-11-15,"[""release_date_has_official_evidence"", ""seeded_from_frozen_pr13_snapshot""]",
cn_industrial_production,2024-11,2024-11-30,2024-12-16,official_release,2026-10-07T17:11:40+08:00,5.4,percent_yoy,https://www.stats.gov.cn/sj/zxfb/202412/t20241216_1957765.html,https://www.stats.gov.cn/sj/zxfb/202412/t20241216_1957765.html,2024-12-16,"[""release_date_has_official_evidence"", ""seeded_from_frozen_pr13_snapshot""]",
cn_industrial_production,2024-12,2024-12-31,2025-01-17,official_release,2026-10-07T17:11:40+08:00,6.2,percent_yoy,https://www.stats.gov.cn/sj/zxfb/202501/t20250117_1958331.html,https://www.stats.gov.cn/sj/zxfb/202501/t20250117_1958331.html,2025-01-17,"[""release_date_has_official_evidence"", ""seeded_from_frozen_pr13_snapshot""]",
cn_industrial_production,2025-01/2025-02,2025-02-28,2025-03-17,official_release,2026-10-07T17:11:40+08:00,5.9,percent_yoy,https://www.stats.gov.cn/sj/zxfb/202503/t20250317_1959012.html,https://www.stats.gov.cn/sj/zxfb/202503/t20250317_1959012.html,2025-03-17,"[""release_date_has_official_evidence"", ""multi_month_period"", ""joint_period_release"", ""seeded_from_frozen_pr13_snapshot""]",
cn_industrial_production,2025-03,2025-03-31,2025-04-16,official_release,2026-10-07T17:11:40+08:00,7.7,percent_yoy,https://www.stats.gov.cn/sj/zxfb/202504/t20250416_1959320.html,https://www.stats.gov.cn/sj/zxfb/202504/t20250416_1959320.html,2025-04-16,"[""release_date_has_official_evidence"", ""seeded_from_frozen_pr13_snapshot""]",
cn_industrial_production,2025-04,2025-04-30,2025-05-19,official_release,2026-10-07T17:11:40+08:00,6.1,percent_yoy,https://www.stats.gov.cn/sj/zxfb/202505/t20250519_1959862.html,https://www.stats.gov.cn/sj/zxfb/202505/t20250519_1959862.html,2025-05-19,"[""release_date_has_official_evidence"", ""seeded_from_frozen_pr13_snapshot""]",
cn_industrial_production,2025-05,2025-05-31,2025-06-16,official_release,2026-10-07T17:11:40+08:00,5.8,percent_yoy,https://www.stats.gov.cn/sj/zxfb/202506/t20250616_1960172.html,https://www.stats.gov.cn/sj/zxfb/202506/t20250616_1960172.html,2025-06-16,"[""release_date_has_official_evidence"", ""seeded_from_frozen_pr13_snapshot""]",
cn_industrial_production,2025-06,2025-06-30,2025-07-15,official_release,2026-10-07T17:11:40+08:00,6.8,percent_yoy,https://www.stats.gov.cn/sj/zxfb/202507/t20250715_1960413.html,https://www.stats.gov.cn/sj/zxfb/202507/t20250715_1960413.html,2025-07-15,"[""release_date_has_official_evidence"", ""seeded_from_frozen_pr13_snapshot""]",
cn_industrial_production,2025-07,2025-07-31,2025-08-15,official_release,2026-10-07T17:11:40+08:00,5.7,percent_yoy,https://www.stats.gov.cn/sj/zxfb/202508/t20250815_1960790.html,https://www.stats.gov.cn/sj/zxfb/202508/t20250815_1960790.html,2025-08-15,"[""release_date_has_official_evidence"", ""seeded_from_frozen_pr13_snapshot""]",
cn_industrial_production,2025-08,2025-08-31,2025-09-15,official_release,2026-10-07T17:11:40+08:00,5.2,percent_yoy,https://www.stats.gov.cn/sj/zxfb/202509/t20250915_1961180.html,https://www.stats.gov.cn/sj/zxfb/202509/t20250915_1961180.html,2025-09-15,"[""release_date_has_official_evidence"", ""seeded_from_frozen_pr13_snapshot""]",
cn_industrial_production,2025-09,2025-09-30,2025-10-20,official_release,2026-10-07T17:11:40+08:00,6.5,percent_yoy,https://www.stats.gov.cn/sj/zxfb/202510/t20251020_1961611.html,https://www.stats.gov.cn/sj/zxfb/202510/t20251020_1961611.html,2025-10-20,"[""release_date_has_official_evidence"", ""seeded_from_frozen_pr13_snapshot""]",
cn_industrial_production,2025-10,2025-10-31,2025-11-14,official_release,2026-10-07T17:11:40+08:00,4.9,percent_yoy,https://www.stats.gov.cn/sj/zxfb/202511/t20251114_1961856.html,https://www.stats.gov.cn/sj/zxfb/202511/t20251114_1961856.html,2025-11-14,"[""release_date_has_official_evidence"", ""seeded_from_frozen_pr13_snapshot""]",
cn_industrial_production,2025-11,2025-11-30,2025-12-15,official_release,2026-10-07T17:11:40+08:00,4.8,percent_yoy,https://www.stats.gov.cn/sj/zxfb/202512/t20251215_1962074.html,https://www.stats.gov.cn/sj/zxfb/202512/t20251215_1962074.html,2025-12-15,"[""release_date_has_official_evidence"", ""seeded_from_frozen_pr13_snapshot""]",
cn_industrial_production,2025-12,2025-12-31,2026-01-19,official_release,2026-10-07T17:11:40+08:00,5.2,percent_yoy,https://www.stats.gov.cn/sj/zxfb/202601/t20260119_1962329.html,https://www.stats.gov.cn/sj/zxfb/202601/t20260119_1962329.html,2026-01-19,"[""release_date_has_official_evidence"", ""seeded_from_frozen_pr13_snapshot""]",
cn_industrial_production,2026-01/2026-02,2026-02-28,2026-03-16,official_release,2026-10-07T17:11:40+08:00,6.3,percent_yoy,https://www.stats.gov.cn/sj/zxfb/202603/t20260316_1962782.html,https://www.stats.gov.cn/sj/zxfb/202603/t20260316_1962782.html,2026-03-16,"[""release_date_has_official_evidence"", ""multi_month_period"", ""joint_period_release"", ""seeded_from_frozen_pr13_snapshot""]",
cn_industrial_production,2026-03,2026-03-31,2026-04-16,official_release,2026-10-07T17:11:40+08:00,5.7,percent_yoy,https://www.stats.gov.cn/sj/zxfb/202604/t20260416_1963329.html,https://www.stats.gov.cn/sj/zxfb/202604/t20260416_1963329.html,2026-04-16,"[""release_date_has_official_evidence"", ""seeded_from_frozen_pr13_snapshot""]",
cn_industrial_production,2026-01/2026-04,2026-04-30,2026-05-18,official_release,2026-10-07T17:11:40+08:00,5.6,percent_yoy,https://www.stats.gov.cn/sj/zxfb/202605/t20260518_1963731.html,https://www.stats.gov.cn/sj/zxfb/202605/t20260518_1963731.html,2026-05-18,"[""release_date_has_official_evidence"", ""multi_month_period"", ""seeded_from_frozen_pr13_snapshot""]",
cn_industrial_production,2026-05,2026-05-31,2026-06-16,official_release,2026-10-07T17:11:40+08:00,4.5,percent_yoy,https://www.stats.gov.cn/sj/zxfb/202606/t20260616_1963953.html,https://www.stats.gov.cn/sj/zxfb/202606/t20260616_1963953.html,2026-06-16,"[""release_date_has_official_evidence"", ""seeded_from_frozen_pr13_snapshot""]",
cn_industrial_production,2026-06,2026-06-30,2026-07-15,official_release,2026-10-07T17:11:40+08:00,5.3,percent_yoy,https://www.stats.gov.cn/sj/zxfb/202607/t20260715_1964123.html,https://www.stats.gov.cn/sj/zxfb/202607/t20260715_1964123.html,2026-07-15,"[""release_date_has_official_evidence"", ""seeded_from_frozen_pr13_snapshot""]",
cn_industrial_production,2026-07,2026-07-31,2026-08-17,official_release,2026-10-07T17:11:40+08:00,4.5,percent_yoy,https://www.stats.gov.cn/sj/zxfb/202608/t20260817_1965055.html,https://www.stats.gov.cn/sj/zxfb/202608/t20260817_1965055.html,2026-08-17,"[""release_date_has_official_evidence"", ""seeded_from_frozen_pr13_snapshot""]",
cn_industrial_production,2026-08,2026-08-31,2026-09-15,official_release,2026-10-07T17:11:40+08:00,5.2,percent_yoy,https://www.stats.gov.cn/sj/zxfb/202609/t20260915_1965308.html,https://www.stats.gov.cn/sj/zxfb/202609/t20260915_1965308.html,2026-09-15,"[""release_date_has_official_evidence"", ""seeded_from_frozen_pr13_snapshot""]",
cn_retail_sales,2021-10,2021-10-31,2021-11-15,official_release,2026-10-07T17:11:40+08:00,4.9,percent_yoy,https://www.stats.gov.cn/sj/zxfb/202302/t20230203_1901282.html,https://www.stats.gov.cn/sj/zxfb/202302/t20230203_1901282.html,2021-11-15,"[""release_date_has_official_evidence"", ""seeded_from_frozen_pr13_snapshot""]",
cn_retail_sales,2021-11,2021-11-30,2021-12-15,official_release,2026-10-07T17:11:40+08:00,3.9,percent_yoy,https://www.stats.gov.cn/sj/zxfb/202302/t20230203_1901308.html,https://www.stats.gov.cn/sj/zxfb/202302/t20230203_1901308.html,2021-12-15,"[""release_date_has_official_evidence"", ""seeded_from_frozen_pr13_snapshot""]",
cn_retail_sales,2021-12,2021-12-31,2022-01-17,official_release,2026-10-07T17:11:40+08:00,1.7,percent_yoy,https://www.stats.gov.cn/sj/zxfb/202302/t20230203_1901341.html,https://www.stats.gov.cn/sj/zxfb/202302/t20230203_1901341.html,2022-01-17,"[""release_date_has_official_evidence"", ""seeded_from_frozen_pr13_snapshot""]",
cn_retail_sales,2022-03,2022-03-31,2022-04-18,official_release,2026-10-07T17:11:40+08:00,3.3,percent_yoy,https://www.stats.gov.cn/sj/zxfb/202302/t20230203_1901431.html,https://www.stats.gov.cn/sj/zxfb/202302/t20230203_1901431.html,2022-04-18,"[""release_date_has_official_evidence"", ""seeded_from_frozen_pr13_snapshot""]",
cn_retail_sales,2022-06,2022-06-30,2022-07-15,official_release,2026-10-07T17:11:40+08:00,3.1,percent_yoy,https://www.stats.gov.cn/sj/zxfb/202302/t20230203_1901517.html,https://www.stats.gov.cn/sj/zxfb/202302/t20230203_1901517.html,2022-07-15,"[""release_date_has_official_evidence"", ""seeded_from_frozen_pr13_snapshot""]",
cn_retail_sales,2022-07,2022-07-31,2022-08-15,official_release,2026-10-07T17:11:40+08:00,2.7,percent_yoy,https://www.stats.gov.cn/sj/zxfb/202302/t20230203_1901552.html,https://www.stats.gov.cn/sj/zxfb/202302/t20230203_1901552.html,2022-08-15,"[""release_date_has_official_evidence"", ""seeded_from_frozen_pr13_snapshot""]",
cn_retail_sales,2022-08,2022-08-31,2022-09-16,official_release,2026-10-07T17:11:40+08:00,5.4,percent_yoy,https://www.stats.gov.cn/sj/zxfb/202302/t20230203_1901583.html,https://www.stats.gov.cn/sj/zxfb/202302/t20230203_1901583.html,2022-09-16,"[""release_date_has_official_evidence"", ""seeded_from_frozen_pr13_snapshot""]",
cn_retail_sales,2022-09,2022-09-30,2022-10-24,official_release,2026-10-07T17:11:40+08:00,2.5,percent_yoy,https://www.stats.gov.cn/sj/zxfb/202302/t20230203_1901619.html,https://www.stats.gov.cn/sj/zxfb/202302/t20230203_1901619.html,2022-10-24,"[""release_date_has_official_evidence"", ""seeded_from_frozen_pr13_snapshot""]",
cn_retail_sales,2022-10,2022-10-31,2022-11-15,official_release,2026-10-07T17:11:40+08:00,-0.5,percent_yoy,https://www.stats.gov.cn/sj/zxfb/202302/t20230203_1901655.html,https://www.stats.gov.cn/sj/zxfb/202302/t20230203_1901655.html,2022-11-15,"[""release_date_has_official_evidence"", ""seeded_from_frozen_pr13_snapshot""]",
cn_retail_sales,2022-11,2022-11-30,2022-12-15,official_release,2026-10-07T17:11:40+08:00,-5.9,percent_yoy,https://www.stats.gov.cn/sj/zxfb/202302/t20230203_1901682.html,https://www.stats.gov.cn/sj/zxfb/202302/t20230203_1901682.html,2022-12-15,"[""release_date_has_official_evidence"", ""seeded_from_frozen_pr13_snapshot""]",
cn_retail_sales,2022-12,2022-12-31,2023-01-17,official_release,2026-10-07T17:11:40+08:00,-1.8,percent_yoy,https://www.stats.gov.cn/sj/zxfb/202302/t20230203_1901713.html,https://www.stats.gov.cn/sj/zxfb/202302/t20230203_1901713.html,2023-01-17,"[""release_date_has_official_evidence"", ""seeded_from_frozen_pr13_snapshot""]",
cn_retail_sales,2023-03,2023-03-31,2023-04-18,official_release,2026-10-07T17:11:40+08:00,10.6,percent_yoy,https://www.stats.gov.cn/sj/zxfb/202304/t20230418_1938710.html,https://www.stats.gov.cn/sj/zxfb/202304/t20230418_1938710.html,2023-04-18,"[""release_date_has_official_evidence"", ""seeded_from_frozen_pr13_snapshot""]",
cn_retail_sales,2023-04,2023-04-30,2023-05-16,official_release,2026-10-07T17:11:40+08:00,18.4,percent_yoy,https://www.stats.gov.cn/sj/zxfb/202305/t20230516_1939485.html,https://www.stats.gov.cn/sj/zxfb/202305/t20230516_1939485.html,2023-05-16,"[""release_date_has_official_evidence"", ""seeded_from_frozen_pr13_snapshot""]",
cn_retail_sales,2023-05,2023-05-31,2023-06-15,official_release,2026-10-07T17:11:40+08:00,12.7,percent_yoy,https://www.stats.gov.cn/sj/zxfb/202306/t20230615_1940627.html,https://www.stats.gov.cn/sj/zxfb/202306/t20230615_1940627.html,2023-06-15,"[""release_date_has_official_evidence"", ""seeded_from_frozen_pr13_snapshot""]",
cn_retail_sales,2023-06,2023-06-30,2023-07-17,official_release,2026-10-07T17:11:40+08:00,8.2,percent_yoy,https://www.stats.gov.cn/sj/zxfb/202307/t20230715_1941269.html,https://www.stats.gov.cn/sj/zxfb/202307/t20230715_1941269.html,2023-07-17,"[""release_date_has_official_evidence"", ""seeded_from_frozen_pr13_snapshot""]",
cn_retail_sales,2023-07,2023-07-31,2023-08-15,official_release,2026-10-07T17:11:40+08:00,2.5,percent_yoy,https://www.stats.gov.cn/sj/zxfb/202308/t20230815_1941958.html,https://www.stats.gov.cn/sj/zxfb/202308/t20230815_1941958.html,2023-08-15,"[""release_date_has_official_evidence"", ""seeded_from_frozen_pr13_snapshot""]",
cn_retail_sales,2023-08,2023-08-31,2023-09-15,official_release,2026-10-07T17:11:40+08:00,4.6,percent_yoy,https://www.stats.gov.cn/sj/zxfb/202309/t20230915_1942849.html,https://www.stats.gov.cn/sj/zxfb/202309/t20230915_1942849.html,2023-09-15,"[""release_date_has_official_evidence"", ""seeded_from_frozen_pr13_snapshot""]",
cn_retail_sales,2023-09,2023-09-30,2023-10-18,official_release,2026-10-07T17:11:40+08:00,5.5,percent_yoy,https://www.stats.gov.cn/sj/zxfb/202310/t20231018_1943658.html,https://www.stats.gov.cn/sj/zxfb/202310/t20231018_1943658.html,2023-10-18,"[""release_date_has_official_evidence"", ""seeded_from_frozen_pr13_snapshot""]",
cn_retail_sales,2023-10,2023-10-31,2023-11-15,official_release,2026-10-07T17:11:40+08:00,7.6,percent_yoy,https://www.stats.gov.cn/sj/zxfb/202311/t20231115_1944530.html,https://www.stats.gov.cn/sj/zxfb/202311/t20231115_1944530.html,2023-11-15,"[""release_date_has_official_evidence"", ""seeded_from_frozen_pr13_snapshot""]",
cn_retail_sales,2023-11,2023-11-30,2023-12-15,official_release,2026-10-07T17:11:40+08:00,10.1,percent_yoy,https://www.stats.gov.cn/sj/zxfb/202312/t20231215_1945575.html,https://www.stats.gov.cn/sj/zxfb/202312/t20231215_1945575.html,2023-12-15,"[""release_date_has_official_evidence"", ""seeded_from_frozen_pr13_snapshot""]",
cn_retail_sales,2023-12,2023-12-31,2024-01-17,official_release,2026-10-07T17:11:40+08:00,7.4,percent_yoy,https://www.stats.gov.cn/sj/zxfb/202401/t20240116_1946619.html,https://www.stats.gov.cn/sj/zxfb/202401/t20240116_1946619.html,2024-01-17,"[""release_date_has_official_evidence"", ""seeded_from_frozen_pr13_snapshot""]",
cn_retail_sales,2024-03,2024-03-31,2024-04-16,official_release,2026-10-07T17:11:40+08:00,3.1,percent_yoy,https://www.stats.gov.cn/sj/zxfb/202404/t20240416_1948573.html,https://www.stats.gov.cn/sj/zxfb/202404/t20240416_1948573.html,2024-04-16,"[""release_date_has_official_evidence"", ""seeded_from_frozen_pr13_snapshot""]",
cn_retail_sales,2024-04,2024-04-30,2024-05-17,official_release,2026-10-07T17:11:40+08:00,2.3,percent_yoy,https://www.stats.gov.cn/sj/zxfb/202405/t20240520_1950429.html,https://www.stats.gov.cn/sj/zxfb/202405/t20240520_1950429.html,2024-05-17,"[""release_date_has_official_evidence"", ""seeded_from_frozen_pr13_snapshot""]",
cn_retail_sales,2024-05,2024-05-31,2024-06-17,official_release,2026-10-07T17:11:40+08:00,3.7,percent_yoy,https://www.stats.gov.cn/sj/zxfb/202406/t20240617_1954709.html,https://www.stats.gov.cn/sj/zxfb/202406/t20240617_1954709.html,2024-06-17,"[""release_date_has_official_evidence"", ""seeded_from_frozen_pr13_snapshot""]",
cn_retail_sales,2024-07,2024-07-31,2024-08-15,official_release,2026-10-07T17:11:40+08:00,2.7,percent_yoy,https://www.stats.gov.cn/sj/zxfb/202408/t20240815_1955981.html,https://www.stats.gov.cn/sj/zxfb/202408/t20240815_1955981.html,2024-08-15,"[""release_date_has_official_evidence"", ""seeded_from_frozen_pr13_snapshot""]",
cn_retail_sales,2024-08,2024-08-31,2024-09-14,official_release,2026-10-07T17:11:40+08:00,2.1,percent_yoy,https://www.stats.gov.cn/sj/zxfb/202409/t20240914_1956481.html,https://www.stats.gov.cn/sj/zxfb/202409/t20240914_1956481.html,2024-09-14,"[""release_date_has_official_evidence"", ""seeded_from_frozen_pr13_snapshot""]",
cn_retail_sales,2024-09,2024-09-30,2024-10-18,official_release,2026-10-07T17:11:40+08:00,3.2,percent_yoy,https://www.stats.gov.cn/sj/zxfb/202410/t20241018_1957039.html,https://www.stats.gov.cn/sj/zxfb/202410/t20241018_1957039.html,2024-10-18,"[""release_date_has_official_evidence"", ""seeded_from_frozen_pr13_snapshot""]",
cn_retail_sales,2024-10,2024-10-31,2024-11-15,official_release,2026-10-07T17:11:40+08:00,4.8,percent_yoy,https://www.stats.gov.cn/sj/zxfb/202411/t20241115_1957427.html,https://www.stats.gov.cn/sj/zxfb/202411/t20241115_1957427.html,2024-11-15,"[""release_date_has_official_evidence"", ""seeded_from_frozen_pr13_snapshot""]",
cn_retail_sales,2024-11,2024-11-30,2024-12-16,official_release,2026-10-07T17:11:40+08:00,3.0,percent_yoy,https://www.stats.gov.cn/sj/zxfb/202412/t20241216_1957759.html,https://www.stats.gov.cn/sj/zxfb/202412/t20241216_1957759.html,2024-12-16,"[""release_date_has_official_evidence"", ""seeded_from_frozen_pr13_snapshot""]",
cn_retail_sales,2024-12,2024-12-31,2025-01-17,official_release,2026-10-07T17:11:40+08:00,3.7,percent_yoy,https://www.stats.gov.cn/sj/zxfb/202501/t20250117_1958327.html,https://www.stats.gov.cn/sj/zxfb/202501/t20250117_1958327.html,2025-01-17,"[""release_date_has_official_evidence"", ""seeded_from_frozen_pr13_snapshot""]",
cn_retail_sales,2025-03,2025-03-31,2025-04-16,official_release,2026-10-07T17:11:40+08:00,5.9,percent_yoy,https://www.stats.gov.cn/sj/zxfb/202504/t20250416_1959317.html,https://www.stats.gov.cn/sj/zxfb/202504/t20250416_1959317.html,2025-04-16,"[""release_date_has_official_evidence"", ""seeded_from_frozen_pr13_snapshot""]",
cn_retail_sales,2025-04,2025-04-30,2025-05-19,official_release,2026-10-07T17:11:40+08:00,5.1,percent_yoy,https://www.stats.gov.cn/sj/zxfb/202505/t20250519_1959858.html,https://www.stats.gov.cn/sj/zxfb/202505/t20250519_1959858.html,2025-05-19,"[""release_date_has_official_evidence"", ""seeded_from_frozen_pr13_snapshot""]",
cn_retail_sales,2025-05,2025-05-31,2025-06-16,official_release,2026-10-07T17:11:40+08:00,6.4,percent_yoy,https://www.stats.gov.cn/sj/zxfb/202506/t20250616_1960169.html,https://www.stats.gov.cn/sj/zxfb/202506/t20250616_1960169.html,2025-06-16,"[""release_date_has_official_evidence"", ""seeded_from_frozen_pr13_snapshot""]",
cn_retail_sales,2025-06,2025-06-30,2025-07-15,official_release,2026-10-07T17:11:40+08:00,4.8,percent_yoy,https://www.stats.gov.cn/sj/zxfb/202507/t20250715_1960409.html,https://www.stats.gov.cn/sj/zxfb/202507/t20250715_1960409.html,2025-07-15,"[""release_date_has_official_evidence"", ""seeded_from_frozen_pr13_snapshot""]",
cn_retail_sales,2025-07,2025-07-31,2025-08-15,official_release,2026-10-07T17:11:40+08:00,3.7,percent_yoy,https://www.stats.gov.cn/sj/zxfb/202508/t20250815_1960783.html,https://www.stats.gov.cn/sj/zxfb/202508/t20250815_1960783.html,2025-08-15,"[""release_date_has_official_evidence"", ""seeded_from_frozen_pr13_snapshot""]",
cn_retail_sales,2025-08,2025-08-31,2025-09-15,official_release,2026-10-07T17:11:40+08:00,3.4,percent_yoy,https://www.stats.gov.cn/sj/zxfb/202509/t20250915_1961177.html,https://www.stats.gov.cn/sj/zxfb/202509/t20250915_1961177.html,2025-09-15,"[""release_date_has_official_evidence"", ""seeded_from_frozen_pr13_snapshot""]",
cn_retail_sales,2025-09,2025-09-30,2025-10-20,official_release,2026-10-07T17:11:40+08:00,3.0,percent_yoy,https://www.stats.gov.cn/sj/zxfb/202510/t20251020_1961606.html,https://www.stats.gov.cn/sj/zxfb/202510/t20251020_1961606.html,2025-10-20,"[""release_date_has_official_evidence"", ""seeded_from_frozen_pr13_snapshot""]",
cn_retail_sales,2025-10,2025-10-31,2025-11-14,official_release,2026-10-07T17:11:40+08:00,2.9,percent_yoy,https://www.stats.gov.cn/sj/zxfb/202511/t20251114_1961852.html,https://www.stats.gov.cn/sj/zxfb/202511/t20251114_1961852.html,2025-11-14,"[""release_date_has_official_evidence"", ""seeded_from_frozen_pr13_snapshot""]",
cn_retail_sales,2025-11,2025-11-30,2025-12-15,official_release,2026-10-07T17:11:40+08:00,1.3,percent_yoy,https://www.stats.gov.cn/sj/zxfb/202512/t20251215_1962071.html,https://www.stats.gov.cn/sj/zxfb/202512/t20251215_1962071.html,2025-12-15,"[""release_date_has_official_evidence"", ""seeded_from_frozen_pr13_snapshot""]",
cn_retail_sales,2025-12,2025-12-31,2026-01-19,official_release,2026-10-07T17:11:40+08:00,0.9,percent_yoy,https://www.stats.gov.cn/sj/zxfb/202601/t20260119_1962323.html,https://www.stats.gov.cn/sj/zxfb/202601/t20260119_1962323.html,2026-01-19,"[""release_date_has_official_evidence"", ""seeded_from_frozen_pr13_snapshot""]",
cn_retail_sales,2026-03,2026-03-31,2026-04-16,official_release,2026-10-07T17:11:40+08:00,1.7,percent_yoy,https://www.stats.gov.cn/sj/zxfb/202604/t20260416_1963325.html,https://www.stats.gov.cn/sj/zxfb/202604/t20260416_1963325.html,2026-04-16,"[""release_date_has_official_evidence"", ""seeded_from_frozen_pr13_snapshot""]",
cn_retail_sales,2026-06,2026-06-30,2026-07-15,official_release,2026-10-07T17:11:40+08:00,1.3,percent_yoy,https://www.stats.gov.cn/sj/zxfb/202607/t20260715_1964127.html,https://www.stats.gov.cn/sj/zxfb/202607/t20260715_1964127.html,2026-07-15,"[""release_date_has_official_evidence"", ""seeded_from_frozen_pr13_snapshot""]",
cn_retail_sales_ytd,2022-01/2022-02,2022-02-28,2022-03-15,official_release,2026-10-07T17:11:40+08:00,6.7,percent_yoy,https://www.stats.gov.cn/sj/zxfb/202302/t20230203_1901406.html,https://www.stats.gov.cn/sj/zxfb/202302/t20230203_1901406.html,2022-03-15,"[""release_date_has_official_evidence"", ""multi_month_period"", ""joint_period_release"", ""cumulative_ytd_yoy_as_reported"", ""seeded_from_frozen_pr13_snapshot""]",
cn_retail_sales_ytd,2022-01/2022-04,2022-04-30,2022-05-16,official_release,2026-10-07T17:11:40+08:00,-0.2,percent_yoy,https://www.stats.gov.cn/sj/zxfb/202302/t20230203_1901464.html,https://www.stats.gov.cn/sj/zxfb/202302/t20230203_1901464.html,2022-05-16,"[""release_date_has_official_evidence"", ""multi_month_period"", ""cumulative_ytd_yoy_as_reported"", ""seeded_from_frozen_pr13_snapshot""]",
cn_retail_sales_ytd,2022-01/2022-05,2022-05-31,2022-06-15,official_release,2026-10-07T17:11:40+08:00,-1.5,percent_yoy,https://www.stats.gov.cn/sj/zxfb/202302/t20230203_1901490.html,https://www.stats.gov.cn/sj/zxfb/202302/t20230203_1901490.html,2022-06-15,"[""release_date_has_official_evidence"", ""multi_month_period"", ""cumulative_ytd_yoy_as_reported"", ""seeded_from_frozen_pr13_snapshot""]",
cn_retail_sales_ytd,2023-01/2023-02,2023-02-28,2023-03-15,official_release,2026-10-07T17:11:40+08:00,3.5,percent_yoy,https://www.stats.gov.cn/sj/zxfb/202303/t20230315_1937198.html,https://www.stats.gov.cn/sj/zxfb/202303/t20230315_1937198.html,2023-03-15,"[""release_date_has_official_evidence"", ""multi_month_period"", ""joint_period_release"", ""cumulative_ytd_yoy_as_reported"", ""seeded_from_frozen_pr13_snapshot""]",
cn_retail_sales_ytd,2024-01/2024-02,2024-02-29,2024-03-18,official_release,2026-10-07T17:11:40+08:00,5.5,percent_yoy,https://www.stats.gov.cn/sj/zxfb/202403/t20240327_1948175.html,https://www.stats.gov.cn/sj/zxfb/202403/t20240327_1948175.html,2024-03-18,"[""release_date_has_official_evidence"", ""multi_month_period"", ""joint_period_release"", ""cumulative_ytd_yoy_as_reported"", ""seeded_from_frozen_pr13_snapshot""]",
cn_retail_sales_ytd,2024-01/2024-06,2024-06-30,2024-07-15,official_release,2026-10-07T17:11:40+08:00,3.7,percent_yoy,https://www.stats.gov.cn/sj/zxfb/202407/t20240715_1955609.html,https://www.stats.gov.cn/sj/zxfb/202407/t20240715_1955609.html,2024-07-15,"[""release_date_has_official_evidence"", ""multi_month_period"", ""cumulative_ytd_yoy_as_reported"", ""seeded_from_frozen_pr13_snapshot""]",
cn_retail_sales_ytd,2025-01/2025-02,2025-02-28,2025-03-17,official_release,2026-10-07T17:11:40+08:00,4.0,percent_yoy,https://www.stats.gov.cn/sj/zxfb/202503/t20250317_1959014.html,https://www.stats.gov.cn/sj/zxfb/202503/t20250317_1959014.html,2025-03-17,"[""release_date_has_official_evidence"", ""multi_month_period"", ""joint_period_release"", ""cumulative_ytd_yoy_as_reported"", ""seeded_from_frozen_pr13_snapshot""]",
cn_retail_sales_ytd,2026-01/2026-02,2026-02-28,2026-03-16,official_release,2026-10-07T17:11:40+08:00,2.8,percent_yoy,https://www.stats.gov.cn/sj/zxfb/202603/t20260316_1962786.html,https://www.stats.gov.cn/sj/zxfb/202603/t20260316_1962786.html,2026-03-16,"[""release_date_has_official_evidence"", ""multi_month_period"", ""joint_period_release"", ""cumulative_ytd_yoy_as_reported"", ""seeded_from_frozen_pr13_snapshot""]",
cn_retail_sales_ytd,2026-01/2026-04,2026-04-30,2026-05-18,official_release,2026-10-07T17:11:40+08:00,1.9,percent_yoy,https://www.stats.gov.cn/sj/zxfb/202605/t20260518_1963727.html,https://www.stats.gov.cn/sj/zxfb/202605/t20260518_1963727.html,2026-05-18,"[""release_date_has_official_evidence"", ""multi_month_period"", ""cumulative_ytd_yoy_as_reported"", ""seeded_from_frozen_pr13_snapshot""]",
cn_retail_sales_ytd,2026-01/2026-05,2026-05-31,2026-06-16,official_release,2026-10-07T17:11:40+08:00,1.4,percent_yoy,https://www.stats.gov.cn/sj/zxfb/202606/t20260616_1963949.html,https://www.stats.gov.cn/sj/zxfb/202606/t20260616_1963949.html,2026-06-16,"[""release_date_has_official_evidence"", ""multi_month_period"", ""cumulative_ytd_yoy_as_reported"", ""seeded_from_frozen_pr13_snapshot""]",
cn_retail_sales_ytd,2026-01/2026-07,2026-07-31,2026-08-17,official_release,2026-10-07T17:11:40+08:00,1.2,percent_yoy,https://www.stats.gov.cn/sj/zxfb/202608/t20260817_1965052.html,https://www.stats.gov.cn/sj/zxfb/202608/t20260817_1965052.html,2026-08-17,"[""release_date_has_official_evidence"", ""multi_month_period"", ""cumulative_ytd_yoy_as_reported"", ""seeded_from_frozen_pr13_snapshot""]",
cn_retail_sales_ytd,2026-01/2026-08,2026-08-31,2026-09-15,official_release,2026-10-07T17:11:40+08:00,1.1,percent_yoy,https://www.stats.gov.cn/sj/zxfb/202609/t20260915_1965311.html,https://www.stats.gov.cn/sj/zxfb/202609/t20260915_1965311.html,2026-09-15,"[""release_date_has_official_evidence"", ""multi_month_period"", ""cumulative_ytd_yoy_as_reported"", ""seeded_from_frozen_pr13_snapshot""]",
cn_fixed_asset_investment,2021-01/2021-09,2021-09-30,2021-10-18,official_release,2026-10-07T17:11:40+08:00,7.3,percent_yoy,https://www.stats.gov.cn/sj/zxfb/202302/t20230203_1901242.html,https://www.stats.gov.cn/sj/zxfb/202302/t20230203_1901242.html,2021-10-18,"[""release_date_has_official_evidence"", ""multi_month_period"", ""cumulative_ytd_yoy_as_reported"", ""seeded_from_frozen_pr13_snapshot""]",
cn_fixed_asset_investment,2021-01/2021-10,2021-10-31,2021-11-15,official_release,2026-10-07T17:11:40+08:00,6.1,percent_yoy,https://www.stats.gov.cn/sj/zxfb/202302/t20230203_1901280.html,https://www.stats.gov.cn/sj/zxfb/202302/t20230203_1901280.html,2021-11-15,"[""release_date_has_official_evidence"", ""multi_month_period"", ""cumulative_ytd_yoy_as_reported"", ""seeded_from_frozen_pr13_snapshot""]",
cn_fixed_asset_investment,2021-01/2021-11,2021-11-30,2021-12-15,official_release,2026-10-07T17:11:40+08:00,5.2,percent_yoy,https://www.stats.gov.cn/sj/zxfb/202302/t20230203_1901306.html,https://www.stats.gov.cn/sj/zxfb/202302/t20230203_1901306.html,2021-12-15,"[""release_date_has_official_evidence"", ""multi_month_period"", ""cumulative_ytd_yoy_as_reported"", ""seeded_from_frozen_pr13_snapshot""]",
cn_fixed_asset_investment,2021-12,2021-12-31,2022-01-17,official_release,2026-10-07T17:11:40+08:00,4.9,percent_yoy,https://www.stats.gov.cn/sj/zxfb/202302/t20230203_1901339.html,https://www.stats.gov.cn/sj/zxfb/202302/t20230203_1901339.html,2022-01-17,"[""release_date_has_official_evidence"", ""cumulative_ytd_yoy_as_reported"", ""seeded_from_frozen_pr13_snapshot""]",
cn_fixed_asset_investment,2022-01/2022-02,2022-02-28,2022-03-15,official_release,2026-10-07T17:11:40+08:00,12.2,percent_yoy,https://www.stats.gov.cn/sj/zxfb/202302/t20230203_1901404.html,https://www.stats.gov.cn/sj/zxfb/202302/t20230203_1901404.html,2022-03-15,"[""release_date_has_official_evidence"", ""multi_month_period"", ""joint_period_release"", ""cumulative_ytd_yoy_as_reported"", ""seeded_from_frozen_pr13_snapshot""]",
cn_fixed_asset_investment,2022-01/2022-03,2022-03-31,2022-04-18,official_release,2026-10-07T17:11:40+08:00,9.3,percent_yoy,https://www.stats.gov.cn/sj/zxfb/202302/t20230203_1901429.html,https://www.stats.gov.cn/sj/zxfb/202302/t20230203_1901429.html,2022-04-18,"[""release_date_has_official_evidence"", ""multi_month_period"", ""cumulative_ytd_yoy_as_reported"", ""seeded_from_frozen_pr13_snapshot""]",
cn_fixed_asset_investment,2022-01/2022-04,2022-04-30,2022-05-16,official_release,2026-10-07T17:11:40+08:00,6.8,percent_yoy,https://www.stats.gov.cn/sj/zxfb/202302/t20230203_1901462.html,https://www.stats.gov.cn/sj/zxfb/202302/t20230203_1901462.html,2022-05-16,"[""release_date_has_official_evidence"", ""multi_month_period"", ""cumulative_ytd_yoy_as_reported"", ""seeded_from_frozen_pr13_snapshot""]",
cn_fixed_asset_investment,2022-01/2022-05,2022-05-31,2022-06-15,official_release,2026-10-07T17:11:40+08:00,6.2,percent_yoy,https://www.stats.gov.cn/sj/zxfb/202302/t20230203_1901488.html,https://www.stats.gov.cn/sj/zxfb/202302/t20230203_1901488.html,2022-06-15,"[""release_date_has_official_evidence"", ""multi_month_period"", ""cumulative_ytd_yoy_as_reported"", ""seeded_from_frozen_pr13_snapshot""]",
cn_fixed_asset_investment,2022-01/2022-06,2022-06-30,2022-07-15,official_release,2026-10-07T17:11:40+08:00,6.1,percent_yoy,https://www.stats.gov.cn/sj/zxfb/202302/t20230203_1901515.html,https://www.stats.gov.cn/sj/zxfb/202302/t20230203_1901515.html,2022-07-15,"[""release_date_has_official_evidence"", ""multi_month_period"", ""cumulative_ytd_yoy_as_reported"", ""seeded_from_frozen_pr13_snapshot""]",
cn_fixed_asset_investment,2022-01/2022-07,2022-07-31,2022-08-15,official_release,2026-10-07T17:11:40+08:00,5.7,percent_yoy,https://www.stats.gov.cn/sj/zxfb/202302/t20230203_1901550.html,https://www.stats.gov.cn/sj/zxfb/202302/t20230203_1901550.html,2022-08-15,"[""release_date_has_official_evidence"", ""multi_month_period"", ""cumulative_ytd_yoy_as_reported"", ""seeded_from_frozen_pr13_snapshot""]",
cn_fixed_asset_investment,2022-01/2022-08,2022-08-31,2022-09-16,official_release,2026-10-07T17:11:40+08:00,5.8,percent_yoy,https://www.stats.gov.cn/sj/zxfb/202302/t20230203_1901581.html,https://www.stats.gov.cn/sj/zxfb/202302/t20230203_1901581.html,2022-09-16,"[""release_date_has_official_evidence"", ""multi_month_period"", ""cumulative_ytd_yoy_as_reported"", ""seeded_from_frozen_pr13_snapshot""]",
cn_fixed_asset_investment,2022-01/2022-09,2022-09-30,2022-10-24,official_release,2026-10-07T17:11:40+08:00,5.9,percent_yoy,https://www.stats.gov.cn/sj/zxfb/202302/t20230203_1901617.html,https://www.stats.gov.cn/sj/zxfb/202302/t20230203_1901617.html,2022-10-24,"[""release_date_has_official_evidence"", ""multi_month_period"", ""cumulative_ytd_yoy_as_reported"", ""seeded_from_frozen_pr13_snapshot""]",
cn_fixed_asset_investment,2022-01/2022-10,2022-10-31,2022-11-15,official_release,2026-10-07T17:11:40+08:00,5.8,percent_yoy,https://www.stats.gov.cn/sj/zxfb/202302/t20230203_1901653.html,https://www.stats.gov.cn/sj/zxfb/202302/t20230203_1901653.html,2022-11-15,"[""release_date_has_official_evidence"", ""multi_month_period"", ""cumulative_ytd_yoy_as_reported"", ""seeded_from_frozen_pr13_snapshot""]",
cn_fixed_asset_investment,2022-01/2022-11,2022-11-30,2022-12-15,official_release,2026-10-07T17:11:40+08:00,5.3,percent_yoy,https://www.stats.gov.cn/sj/zxfb/202302/t20230203_1901680.html,https://www.stats.gov.cn/sj/zxfb/202302/t20230203_1901680.html,2022-12-15,"[""release_date_has_official_evidence"", ""multi_month_period"", ""cumulative_ytd_yoy_as_reported"", ""seeded_from_frozen_pr13_snapshot""]",
cn_fixed_asset_investment,2022-12,2022-12-31,2023-01-17,official_release,2026-10-07T17:11:40+08:00,5.1,percent_yoy,https://www.stats.gov.cn/sj/zxfb/202302/t20230203_1901711.html,https://www.stats.gov.cn/sj/zxfb/202302/t20230203_1901711.html,2023-01-17,"[""release_date_has_official_evidence"", ""cumulative_ytd_yoy_as_reported"", ""seeded_from_frozen_pr13_snapshot""]",
cn_fixed_asset_investment,2023-01/2023-02,2023-02-28,2023-03-15,official_release,2026-10-07T17:11:40+08:00,5.5,percent_yoy,https://www.stats.gov.cn/sj/zxfb/202303/t20230315_1937194.html,https://www.stats.gov.cn/sj/zxfb/202303/t20230315_1937194.html,2023-03-15,"[""release_date_has_official_evidence"", ""multi_month_period"", ""joint_period_release"", ""cumulative_ytd_yoy_as_reported"", ""seeded_from_frozen_pr13_snapshot""]",
cn_fixed_asset_investment,2023-01/2023-03,2023-03-31,2023-04-18,official_release,2026-10-07T17:11:40+08:00,5.1,percent_yoy,https://www.stats.gov.cn/sj/zxfb/202304/t20230418_1938708.html,https://www.stats.gov.cn/sj/zxfb/202304/t20230418_1938708.html,2023-04-18,"[""release_date_has_official_evidence"", ""multi_month_period"", ""cumulative_ytd_yoy_as_reported"", ""seeded_from_frozen_pr13_snapshot""]",
cn_fixed_asset_investment,2023-01/2023-04,2023-04-30,2023-05-16,official_release,2026-10-07T17:11:40+08:00,4.7,percent_yoy,https://www.stats.gov.cn/sj/zxfb/202305/t20230516_1939488.html,https://www.stats.gov.cn/sj/zxfb/202305/t20230516_1939488.html,2023-05-16,"[""release_date_has_official_evidence"", ""multi_month_period"", ""cumulative_ytd_yoy_as_reported"", ""seeded_from_frozen_pr13_snapshot""]",
cn_fixed_asset_investment,2023-01/2023-05,2023-05-31,2023-06-15,official_release,2026-10-07T17:11:40+08:00,4.0,percent_yoy,https://www.stats.gov.cn/sj/zxfb/202306/t20230615_1940630.html,https://www.stats.gov.cn/sj/zxfb/202306/t20230615_1940630.html,2023-06-15,"[""release_date_has_official_evidence"", ""multi_month_period"", ""cumulative_ytd_yoy_as_reported"", ""seeded_from_frozen_pr13_snapshot""]",
cn_fixed_asset_investment,2023-06,2023-06-30,2023-07-17,official_release,2026-10-07T17:11:40+08:00,3.8,percent_yoy,https://www.stats.gov.cn/sj/zxfb/202307/t20230715_1941270.html,https://www.stats.gov.cn/sj/zxfb/202307/t20230715_1941270.html,2023-07-17,"[""release_date_has_official_evidence"", ""cumulative_ytd_yoy_as_reported"", ""seeded_from_frozen_pr13_snapshot""]",
cn_fixed_asset_investment,2023-01/2023-07,2023-07-31,2023-08-15,official_release,2026-10-07T17:11:40+08:00,3.4,percent_yoy,https://www.stats.gov.cn/sj/zxfb/202308/t20230815_1941960.html,https://www.stats.gov.cn/sj/zxfb/202308/t20230815_1941960.html,2023-08-15,"[""release_date_has_official_evidence"", ""multi_month_period"", ""cumulative_ytd_yoy_as_reported"", ""seeded_from_frozen_pr13_snapshot""]",
cn_fixed_asset_investment,2023-01/2023-08,2023-08-31,2023-09-15,official_release,2026-10-07T17:11:40+08:00,3.2,percent_yoy,https://www.stats.gov.cn/sj/zxfb/202309/t20230915_1942846.html,https://www.stats.gov.cn/sj/zxfb/202309/t20230915_1942846.html,2023-09-15,"[""release_date_has_official_evidence"", ""multi_month_period"", ""cumulative_ytd_yoy_as_reported"", ""seeded_from_frozen_pr13_snapshot""]",
cn_fixed_asset_investment,2023-01/2023-09,2023-09-30,2023-10-18,official_release,2026-10-07T17:11:40+08:00,3.1,percent_yoy,https://www.stats.gov.cn/sj/zxfb/202310/t20231018_1943657.html,https://www.stats.gov.cn/sj/zxfb/202310/t20231018_1943657.html,2023-10-18,"[""release_date_has_official_evidence"", ""multi_month_period"", ""cumulative_ytd_yoy_as_reported"", ""seeded_from_frozen_pr13_snapshot""]",
cn_fixed_asset_investment,2023-01/2023-10,2023-10-31,2023-11-15,official_release,2026-10-07T17:11:40+08:00,2.9,percent_yoy,https://www.stats.gov.cn/sj/zxfb/202311/t20231115_1944528.html,https://www.stats.gov.cn/sj/zxfb/202311/t20231115_1944528.html,2023-11-15,"[""release_date_has_official_evidence"", ""multi_month_period"", ""cumulative_ytd_yoy_as_reported"", ""seeded_from_frozen_pr13_snapshot""]",
cn_fixed_asset_investment,2023-01/2023-11,2023-11-30,2023-12-15,official_release,2026-10-07T17:11:40+08:00,2.9,percent_yoy,https://www.stats.gov.cn/sj/zxfb/202312/t20231215_1945573.html,https://www.stats.gov.cn/sj/zxfb/202312/t20231215_1945573.html,2023-12-15,"[""release_date_has_official_evidence"", ""multi_month_period"", ""cumulative_ytd_yoy_as_reported"", ""seeded_from_frozen_pr13_snapshot""]",
cn_fixed_asset_investment,2023-12,2023-12-31,2024-01-17,official_release,2026-10-07T17:11:40+08:00,3.0,percent_yoy,https://www.stats.gov.cn/sj/zxfb/202401/t20240116_1946620.html,https://www.stats.gov.cn/sj/zxfb/202401/t20240116_1946620.html,2024-01-17,"[""release_date_has_official_evidence"", ""cumulative_ytd_yoy_as_reported"", ""seeded_from_frozen_pr13_snapshot""]",
cn_fixed_asset_investment,2024-01/2024-02,2024-02-29,2024-03-18,official_release,2026-10-07T17:11:40+08:00,4.2,percent_yoy,https://www.stats.gov.cn/sj/zxfb/202403/t20240322_1948131.html,https://www.stats.gov.cn/sj/zxfb/202403/t20240322_1948131.html,2024-03-18,"[""release_date_has_official_evidence"", ""multi_month_period"", ""joint_period_release"", ""cumulative_ytd_yoy_as_reported"", ""seeded_from_frozen_pr13_snapshot""]",
cn_fixed_asset_investment,2024-01/2024-03,2024-03-31,2024-04-16,official_release,2026-10-07T17:11:40+08:00,4.5,percent_yoy,https://www.stats.gov.cn/sj/zxfb/202404/t20240416_1948569.html,https://www.stats.gov.cn/sj/zxfb/202404/t20240416_1948569.html,2024-04-16,"[""release_date_has_official_evidence"", ""multi_month_period"", ""cumulative_ytd_yoy_as_reported"", ""seeded_from_frozen_pr13_snapshot""]",
cn_fixed_asset_investment,2024-01/2024-04,2024-04-30,2024-05-17,official_release,2026-10-07T17:11:40+08:00,4.2,percent_yoy,https://www.stats.gov.cn/sj/zxfb/202405/t20240520_1950419.html,https://www.stats.gov.cn/sj/zxfb/202405/t20240520_1950419.html,2024-05-17,"[""release_date_has_official_evidence"", ""multi_month_period"", ""cumulative_ytd_yoy_as_reported"", ""seeded_from_frozen_pr13_snapshot""]",
cn_fixed_asset_investment,2024-01/2024-05,2024-05-31,2024-06-17,official_release,2026-10-07T17:11:40+08:00,4.0,percent_yoy,https://www.stats.gov.cn/sj/zxfb/202406/t20240617_1954714.html,https://www.stats.gov.cn/sj/zxfb/202406/t20240617_1954714.html,2024-06-17,"[""release_date_has_official_evidence"", ""multi_month_period"", ""cumulative_ytd_yoy_as_reported"", ""seeded_from_frozen_pr13_snapshot""]",
cn_fixed_asset_investment,2024-01/2024-06,2024-06-30,2024-07-15,official_release,2026-10-07T17:11:40+08:00,3.9,percent_yoy,https://www.stats.gov.cn/sj/zxfb/202407/t20240715_1955598.html,https://www.stats.gov.cn/sj/zxfb/202407/t20240715_1955598.html,2024-07-15,"[""release_date_has_official_evidence"", ""multi_month_period"", ""cumulative_ytd_yoy_as_reported"", ""seeded_from_frozen_pr13_snapshot""]",
cn_fixed_asset_investment,2024-01/2024-07,2024-07-31,2024-08-15,official_release,2026-10-07T17:11:40+08:00,3.6,percent_yoy,https://www.stats.gov.cn/sj/zxfb/202408/t20240815_1955983.html,https://www.stats.gov.cn/sj/zxfb/202408/t20240815_1955983.html,2024-08-15,"[""release_date_has_official_evidence"", ""multi_month_period"", ""cumulative_ytd_yoy_as_reported"", ""seeded_from_frozen_pr13_snapshot""]",
cn_fixed_asset_investment,2024-01/2024-08,2024-08-31,2024-09-14,official_release,2026-10-07T17:11:40+08:00,3.4,percent_yoy,https://www.stats.gov.cn/sj/zxfb/202409/t20240914_1956483.html,https://www.stats.gov.cn/sj/zxfb/202409/t20240914_1956483.html,2024-09-14,"[""release_date_has_official_evidence"", ""multi_month_period"", ""cumulative_ytd_yoy_as_reported"", ""seeded_from_frozen_pr13_snapshot""]",
cn_fixed_asset_investment,2024-01/2024-09,2024-09-30,2024-10-18,official_release,2026-10-07T17:11:40+08:00,3.4,percent_yoy,https://www.stats.gov.cn/sj/zxfb/202410/t20241018_1957041.html,https://www.stats.gov.cn/sj/zxfb/202410/t20241018_1957041.html,2024-10-18,"[""release_date_has_official_evidence"", ""multi_month_period"", ""cumulative_ytd_yoy_as_reported"", ""seeded_from_frozen_pr13_snapshot""]",
cn_fixed_asset_investment,2024-01/2024-10,2024-10-31,2024-11-15,official_release,2026-10-07T17:11:40+08:00,3.4,percent_yoy,https://www.stats.gov.cn/sj/zxfb/202411/t20241115_1957429.html,https://www.stats.gov.cn/sj/zxfb/202411/t20241115_1957429.html,2024-11-15,"[""release_date_has_official_evidence"", ""multi_month_period"", ""cumulative_ytd_yoy_as_reported"", ""seeded_from_frozen_pr13_snapshot""]",
cn_fixed_asset_investment,2024-01/2024-11,2024-11-30,2024-12-16,official_release,2026-10-07T17:11:40+08:00,3.3,percent_yoy,https://www.stats.gov.cn/sj/zxfb/202412/t20241216_1957763.html,https://www.stats.gov.cn/sj/zxfb/202412/t20241216_1957763.html,2024-12-16,"[""release_date_has_official_evidence"", ""multi_month_period"", ""cumulative_ytd_yoy_as_reported"", ""seeded_from_frozen_pr13_snapshot""]",
cn_fixed_asset_investment,2024-12,2024-12-31,2025-01-17,official_release,2026-10-07T17:11:40+08:00,3.2,percent_yoy,https://www.stats.gov.cn/sj/zxfb/202501/t20250117_1958329.html,https://www.stats.gov.cn/sj/zxfb/202501/t20250117_1958329.html,2025-01-17,"[""release_date_has_official_evidence"", ""cumulative_ytd_yoy_as_reported"", ""seeded_from_frozen_pr13_snapshot""]",
cn_fixed_asset_investment,2025-01/2025-02,2025-02-28,2025-03-17,official_release,2026-10-07T17:11:40+08:00,4.1,percent_yoy,https://www.stats.gov.cn/sj/zxfb/202503/t20250317_1959015.html,https://www.stats.gov.cn/sj/zxfb/202503/t20250317_1959015.html,2025-03-17,"[""release_date_has_official_evidence"", ""multi_month_period"", ""joint_period_release"", ""cumulative_ytd_yoy_as_reported"", ""seeded_from_frozen_pr13_snapshot""]",
cn_fixed_asset_investment,2025-01/2025-03,2025-03-31,2025-04-16,official_release,2026-10-07T17:11:40+08:00,4.2,percent_yoy,https://www.stats.gov.cn/sj/zxfb/202504/t20250416_1959318.html,https://www.stats.gov.cn/sj/zxfb/202504/t20250416_1959318.html,2025-04-16,"[""release_date_has_official_evidence"", ""multi_month_period"", ""cumulative_ytd_yoy_as_reported"", ""seeded_from_frozen_pr13_snapshot""]",
cn_fixed_asset_investment,2025-01/2025-04,2025-04-30,2025-05-19,official_release,2026-10-07T17:11:40+08:00,4.0,percent_yoy,https://www.stats.gov.cn/sj/zxfb/202505/t20250519_1959860.html,https://www.stats.gov.cn/sj/zxfb/202505/t20250519_1959860.html,2025-05-19,"[""release_date_has_official_evidence"", ""multi_month_period"", ""cumulative_ytd_yoy_as_reported"", ""seeded_from_frozen_pr13_snapshot""]",
cn_fixed_asset_investment,2025-01/2025-05,2025-05-31,2025-06-16,official_release,2026-10-07T17:11:40+08:00,3.7,percent_yoy,https://www.stats.gov.cn/sj/zxfb/202506/t20250616_1960171.html,https://www.stats.gov.cn/sj/zxfb/202506/t20250616_1960171.html,2025-06-16,"[""release_date_has_official_evidence"", ""multi_month_period"", ""cumulative_ytd_yoy_as_reported"", ""seeded_from_frozen_pr13_snapshot""]",
cn_fixed_asset_investment,2025-06,2025-06-30,2025-07-15,official_release,2026-10-07T17:11:40+08:00,2.8,percent_yoy,https://www.stats.gov.cn/sj/zxfb/202507/t20250715_1960412.html,https://www.stats.gov.cn/sj/zxfb/202507/t20250715_1960412.html,2025-07-15,"[""release_date_has_official_evidence"", ""cumulative_ytd_yoy_as_reported"", ""seeded_from_frozen_pr13_snapshot""]",
cn_fixed_asset_investment,2025-01/2025-07,2025-07-31,2025-08-15,official_release,2026-10-07T17:11:40+08:00,1.6,percent_yoy,https://www.stats.gov.cn/sj/zxfb/202508/t20250815_1960788.html,https://www.stats.gov.cn/sj/zxfb/202508/t20250815_1960788.html,2025-08-15,"[""release_date_has_official_evidence"", ""multi_month_period"", ""cumulative_ytd_yoy_as_reported"", ""seeded_from_frozen_pr13_snapshot""]",
cn_fixed_asset_investment,2025-01/2025-08,2025-08-31,2025-09-15,official_release,2026-10-07T17:11:40+08:00,0.5,percent_yoy,https://www.stats.gov.cn/sj/zxfb/202509/t20250915_1961178.html,https://www.stats.gov.cn/sj/zxfb/202509/t20250915_1961178.html,2025-09-15,"[""release_date_has_official_evidence"", ""multi_month_period"", ""cumulative_ytd_yoy_as_reported"", ""seeded_from_frozen_pr13_snapshot""]",
cn_fixed_asset_investment,2025-01/2025-09,2025-09-30,2025-10-20,official_release,2026-10-07T17:11:40+08:00,-0.5,percent_yoy,https://www.stats.gov.cn/sj/zxfb/202510/t20251020_1961610.html,https://www.stats.gov.cn/sj/zxfb/202510/t20251020_1961610.html,2025-10-20,"[""release_date_has_official_evidence"", ""multi_month_period"", ""cumulative_ytd_yoy_as_reported"", ""seeded_from_frozen_pr13_snapshot""]",
cn_fixed_asset_investment,2025-01/2025-10,2025-10-31,2025-11-14,official_release,2026-10-07T17:11:40+08:00,-1.7,percent_yoy,https://www.stats.gov.cn/sj/zxfb/202511/t20251114_1961854.html,https://www.stats.gov.cn/sj/zxfb/202511/t20251114_1961854.html,2025-11-14,"[""release_date_has_official_evidence"", ""multi_month_period"", ""cumulative_ytd_yoy_as_reported"", ""seeded_from_frozen_pr13_snapshot""]",
cn_fixed_asset_investment,2025-01/2025-11,2025-11-30,2025-12-15,official_release,2026-10-07T17:11:40+08:00,-2.6,percent_yoy,https://www.stats.gov.cn/sj/zxfb/202512/t20251215_1962073.html,https://www.stats.gov.cn/sj/zxfb/202512/t20251215_1962073.html,2025-12-15,"[""release_date_has_official_evidence"", ""multi_month_period"", ""cumulative_ytd_yoy_as_reported"", ""seeded_from_frozen_pr13_snapshot""]",
cn_fixed_asset_investment,2025-12,2025-12-31,2026-01-19,official_release,2026-10-07T17:11:40+08:00,-3.8,percent_yoy,https://www.stats.gov.cn/sj/zxfb/202601/t20260119_1962326.html,https://www.stats.gov.cn/sj/zxfb/202601/t20260119_1962326.html,2026-01-19,"[""release_date_has_official_evidence"", ""cumulative_ytd_yoy_as_reported"", ""seeded_from_frozen_pr13_snapshot""]",
cn_fixed_asset_investment,2026-01/2026-02,2026-02-28,2026-03-16,official_release,2026-10-07T17:11:40+08:00,1.8,percent_yoy,https://www.stats.gov.cn/sj/zxfb/202603/t20260316_1962784.html,https://www.stats.gov.cn/sj/zxfb/202603/t20260316_1962784.html,2026-03-16,"[""release_date_has_official_evidence"", ""multi_month_period"", ""joint_period_release"", ""cumulative_ytd_yoy_as_reported"", ""seeded_from_frozen_pr13_snapshot""]",
cn_fixed_asset_investment,2026-01/2026-03,2026-03-31,2026-04-16,official_release,2026-10-07T17:11:40+08:00,1.7,percent_yoy,https://www.stats.gov.cn/sj/zxfb/202604/t20260416_1963328.html,https://www.stats.gov.cn/sj/zxfb/202604/t20260416_1963328.html,2026-04-16,"[""release_date_has_official_evidence"", ""multi_month_period"", ""cumulative_ytd_yoy_as_reported"", ""seeded_from_frozen_pr13_snapshot""]",
cn_fixed_asset_investment,2026-01/2026-04,2026-04-30,2026-05-18,official_release,2026-10-07T17:11:40+08:00,-1.6,percent_yoy,https://www.stats.gov.cn/sj/zxfb/202605/t20260518_1963730.html,https://www.stats.gov.cn/sj/zxfb/202605/t20260518_1963730.html,2026-05-18,"[""release_date_has_official_evidence"", ""multi_month_period"", ""cumulative_ytd_yoy_as_reported"", ""seeded_from_frozen_pr13_snapshot""]",
cn_fixed_asset_investment,2026-01/2026-05,2026-05-31,2026-06-16,official_release,2026-10-07T17:11:40+08:00,-4.1,percent_yoy,https://www.stats.gov.cn/sj/zxfb/202606/t20260616_1963951.html,https://www.stats.gov.cn/sj/zxfb/202606/t20260616_1963951.html,2026-06-16,"[""release_date_has_official_evidence"", ""multi_month_period"", ""cumulative_ytd_yoy_as_reported"", ""seeded_from_frozen_pr13_snapshot""]",
cn_fixed_asset_investment,2026-01/2026-06,2026-06-30,2026-07-15,official_release,2026-10-07T17:11:40+08:00,-5.7,percent_yoy,https://www.stats.gov.cn/sj/zxfb/202607/t20260715_1964124.html,https://www.stats.gov.cn/sj/zxfb/202607/t20260715_1964124.html,2026-07-15,"[""release_date_has_official_evidence"", ""multi_month_period"", ""cumulative_ytd_yoy_as_reported"", ""seeded_from_frozen_pr13_snapshot""]",
cn_fixed_asset_investment,2026-01/2026-07,2026-07-31,2026-08-17,official_release,2026-10-07T17:11:40+08:00,-6.7,percent_yoy,https://www.stats.gov.cn/sj/zxfb/202608/t20260817_1965054.html,https://www.stats.gov.cn/sj/zxfb/202608/t20260817_1965054.html,2026-08-17,"[""release_date_has_official_evidence"", ""multi_month_period"", ""cumulative_ytd_yoy_as_reported"", ""seeded_from_frozen_pr13_snapshot""]",
cn_fixed_asset_investment,2026-01/2026-08,2026-08-31,2026-09-15,official_release,2026-10-07T17:11:40+08:00,-7.2,percent_yoy,https://www.stats.gov.cn/sj/zxfb/202609/t20260915_1965309.html,https://www.stats.gov.cn/sj/zxfb/202609/t20260915_1965309.html,2026-09-15,"[""release_date_has_official_evidence"", ""multi_month_period"", ""cumulative_ytd_yoy_as_reported"", ""seeded_from_frozen_pr13_snapshot""]",
cn_cpi,2021-10,2021-10-31,2021-11-10,official_release,2026-10-07T17:11:40+08:00,1.5,percent_yoy,https://www.stats.gov.cn/sj/zxfb/202302/t20230203_1901272.html,https://www.stats.gov.cn/sj/zxfb/202302/t20230203_1901272.html,2021-11-10,"[""release_date_has_official_evidence"", ""seeded_from_frozen_pr13_snapshot""]",
cn_cpi,2021-11,2021-11-30,2021-12-09,official_release,2026-10-07T17:11:40+08:00,2.3,percent_yoy,https://www.stats.gov.cn/sj/zxfb/202302/t20230203_1901296.html,https://www.stats.gov.cn/sj/zxfb/202302/t20230203_1901296.html,2021-12-09,"[""release_date_has_official_evidence"", ""seeded_from_frozen_pr13_snapshot""]",
cn_cpi,2021-12,2021-12-31,2022-01-12,official_release,2026-10-07T17:11:40+08:00,1.5,percent_yoy,https://www.stats.gov.cn/sj/zxfb/202302/t20230203_1901328.html,https://www.stats.gov.cn/sj/zxfb/202302/t20230203_1901328.html,2022-01-12,"[""release_date_has_official_evidence"", ""seeded_from_frozen_pr13_snapshot""]",
cn_cpi,2022-01,2022-01-31,2022-02-16,official_release,2026-10-07T17:11:40+08:00,0.9,percent_yoy,https://www.stats.gov.cn/sj/zxfb/202302/t20230203_1901367.html,https://www.stats.gov.cn/sj/zxfb/202302/t20230203_1901367.html,2022-02-16,"[""release_date_has_official_evidence"", ""seeded_from_frozen_pr13_snapshot""]",
cn_cpi,2022-02,2022-02-28,2022-03-09,official_release,2026-10-07T17:11:40+08:00,0.9,percent_yoy,https://www.stats.gov.cn/sj/zxfb/202302/t20230203_1901398.html,https://www.stats.gov.cn/sj/zxfb/202302/t20230203_1901398.html,2022-03-09,"[""release_date_has_official_evidence"", ""seeded_from_frozen_pr13_snapshot""]",
cn_cpi,2022-03,2022-03-31,2022-04-11,official_release,2026-10-07T17:11:40+08:00,1.5,percent_yoy,https://www.stats.gov.cn/sj/zxfb/202302/t20230203_1901421.html,https://www.stats.gov.cn/sj/zxfb/202302/t20230203_1901421.html,2022-04-11,"[""release_date_has_official_evidence"", ""seeded_from_frozen_pr13_snapshot""]",
cn_cpi,2022-04,2022-04-30,2022-05-11,official_release,2026-10-07T17:11:40+08:00,2.1,percent_yoy,https://www.stats.gov.cn/sj/zxfb/202302/t20230203_1901456.html,https://www.stats.gov.cn/sj/zxfb/202302/t20230203_1901456.html,2022-05-11,"[""release_date_has_official_evidence"", ""seeded_from_frozen_pr13_snapshot""]",
cn_cpi,2022-05,2022-05-31,2022-06-10,official_release,2026-10-07T17:11:40+08:00,2.1,percent_yoy,https://www.stats.gov.cn/sj/zxfb/202302/t20230203_1901482.html,https://www.stats.gov.cn/sj/zxfb/202302/t20230203_1901482.html,2022-06-10,"[""release_date_has_official_evidence"", ""seeded_from_frozen_pr13_snapshot""]",
cn_cpi,2022-06,2022-06-30,2022-07-09,official_release,2026-10-07T17:11:40+08:00,2.5,percent_yoy,https://www.stats.gov.cn/sj/zxfb/202302/t20230203_1901504.html,https://www.stats.gov.cn/sj/zxfb/202302/t20230203_1901504.html,2022-07-09,"[""release_date_has_official_evidence"", ""seeded_from_frozen_pr13_snapshot""]",
cn_cpi,2022-07,2022-07-31,2022-08-10,official_release,2026-10-07T17:11:40+08:00,2.7,percent_yoy,https://www.stats.gov.cn/sj/zxfb/202302/t20230203_1901542.html,https://www.stats.gov.cn/sj/zxfb/202302/t20230203_1901542.html,2022-08-10,"[""release_date_has_official_evidence"", ""seeded_from_frozen_pr13_snapshot""]",
cn_cpi,2022-08,2022-08-31,2022-09-09,official_release,2026-10-07T17:11:40+08:00,2.5,percent_yoy,https://www.stats.gov.cn/sj/zxfb/202302/t20230203_1901570.html,https://www.stats.gov.cn/sj/zxfb/202302/t20230203_1901570.html,2022-09-09,"[""release_date_has_official_evidence"", ""seeded_from_frozen_pr13_snapshot""]",
cn_cpi,2022-09,2022-09-30,2022-10-14,official_release,2026-10-07T17:11:40+08:00,2.8,percent_yoy,https://www.stats.gov.cn/sj/zxfb/202302/t20230203_1901613.html,https://www.stats.gov.cn/sj/zxfb/202302/t20230203_1901613.html,2022-10-14,"[""release_date_has_official_evidence"", ""seeded_from_frozen_pr13_snapshot""]",
cn_cpi,2022-10,2022-10-31,2022-11-09,official_release,2026-10-07T17:11:40+08:00,2.1,percent_yoy,https://www.stats.gov.cn/sj/zxfb/202302/t20230203_1901647.html,https://www.stats.gov.cn/sj/zxfb/202302/t20230203_1901647.html,2022-11-09,"[""release_date_has_official_evidence"", ""seeded_from_frozen_pr13_snapshot""]",
cn_cpi,2022-11,2022-11-30,2022-12-09,official_release,2026-10-07T17:11:40+08:00,1.6,percent_yoy,https://www.stats.gov.cn/sj/zxfb/202302/t20230203_1901670.html,https://www.stats.gov.cn/sj/zxfb/202302/t20230203_1901670.html,2022-12-09,"[""release_date_has_official_evidence"", ""seeded_from_frozen_pr13_snapshot""]",
cn_cpi,2022-12,2022-12-31,2023-01-12,official_release,2026-10-07T17:11:40+08:00,1.8,percent_yoy,https://www.stats.gov.cn/sj/zxfb/202302/t20230203_1901703.html,https://www.stats.gov.cn/sj/zxfb/202302/t20230203_1901703.html,2023-01-12,"[""release_date_has_official_evidence"", ""seeded_from_frozen_pr13_snapshot""]",
cn_cpi,2023-01,2023-01-31,2023-02-10,official_release,2026-10-07T17:11:40+08:00,2.1,percent_yoy,https://www.stats.gov.cn/sj/zxfb/202302/t20230220_1913661.html,https://www.stats.gov.cn/sj/zxfb/202302/t20230220_1913661.html,2023-02-10,"[""release_date_has_official_evidence"", ""seeded_from_frozen_pr13_snapshot""]",
cn_cpi,2023-02,2023-02-28,2023-03-09,official_release,2026-10-07T17:11:40+08:00,1.0,percent_yoy,https://www.stats.gov.cn/sj/zxfb/202303/t20230309_1936952.html,https://www.stats.gov.cn/sj/zxfb/202303/t20230309_1936952.html,2023-03-09,"[""release_date_has_official_evidence"", ""seeded_from_frozen_pr13_snapshot""]",
cn_cpi,2023-03,2023-03-31,2023-04-11,official_release,2026-10-07T17:11:40+08:00,0.7,percent_yoy,https://www.stats.gov.cn/sj/zxfb/202304/t20230411_1938507.html,https://www.stats.gov.cn/sj/zxfb/202304/t20230411_1938507.html,2023-04-11,"[""release_date_has_official_evidence"", ""seeded_from_frozen_pr13_snapshot""]",
cn_cpi,2023-04,2023-04-30,2023-05-11,official_release,2026-10-07T17:11:40+08:00,0.1,percent_yoy,https://www.stats.gov.cn/sj/zxfb/202305/t20230511_1939347.html,https://www.stats.gov.cn/sj/zxfb/202305/t20230511_1939347.html,2023-05-11,"[""release_date_has_official_evidence"", ""seeded_from_frozen_pr13_snapshot""]",
cn_cpi,2023-05,2023-05-31,2023-06-09,official_release,2026-10-07T17:11:40+08:00,0.2,percent_yoy,https://www.stats.gov.cn/sj/zxfb/202306/t20230609_1940479.html,https://www.stats.gov.cn/sj/zxfb/202306/t20230609_1940479.html,2023-06-09,"[""release_date_has_official_evidence"", ""seeded_from_frozen_pr13_snapshot""]",
cn_cpi,2023-06,2023-06-30,2023-07-10,official_release,2026-10-07T17:11:40+08:00,-0.1,percent_yoy,https://www.stats.gov.cn/sj/zxfb/202307/t20230710_1941147.html,https://www.stats.gov.cn/sj/zxfb/202307/t20230710_1941147.html,2023-07-10,"[""release_date_has_official_evidence"", ""seeded_from_frozen_pr13_snapshot""]",
cn_cpi,2023-07,2023-07-31,2023-08-09,official_release,2026-10-07T17:11:40+08:00,-0.3,percent_yoy,https://www.stats.gov.cn/sj/zxfb/202308/t20230809_1941863.html,https://www.stats.gov.cn/sj/zxfb/202308/t20230809_1941863.html,2023-08-09,"[""release_date_has_official_evidence"", ""seeded_from_frozen_pr13_snapshot""]",
cn_cpi,2023-08,2023-08-31,2023-09-09,official_release,2026-10-07T17:11:40+08:00,0.1,percent_yoy,https://www.stats.gov.cn/sj/zxfb/202309/t20230909_1942695.html,https://www.stats.gov.cn/sj/zxfb/202309/t20230909_1942695.html,2023-09-09,"[""release_date_has_official_evidence"", ""seeded_from_frozen_pr13_snapshot""]",
cn_cpi,2023-09,2023-09-30,2023-10-13,official_release,2026-10-07T17:11:40+08:00,0.1,percent_yoy,https://www.stats.gov.cn/sj/zxfb/202310/t20231013_1943548.html,https://www.stats.gov.cn/sj/zxfb/202310/t20231013_1943548.html,2023-10-13,"[""release_date_has_official_evidence"", ""seeded_from_frozen_pr13_snapshot""]",
cn_cpi,2023-10,2023-10-31,2023-11-09,official_release,2026-10-07T17:11:40+08:00,-0.2,percent_yoy,https://www.stats.gov.cn/sj/zxfb/202311/t20231109_1944382.html,https://www.stats.gov.cn/sj/zxfb/202311/t20231109_1944382.html,2023-11-09,"[""release_date_has_official_evidence"", ""seeded_from_frozen_pr13_snapshot""]",
cn_cpi,2023-11,2023-11-30,2023-12-09,official_release,2026-10-07T17:11:40+08:00,-0.5,percent_yoy,https://www.stats.gov.cn/sj/zxfb/202312/t20231209_1945394.html,https://www.stats.gov.cn/sj/zxfb/202312/t20231209_1945394.html,2023-12-09,"[""release_date_has_official_evidence"", ""seeded_from_frozen_pr13_snapshot""]",
cn_cpi,2023-12,2023-12-31,2024-01-12,official_release,2026-10-07T17:11:40+08:00,-0.3,percent_yoy,https://www.stats.gov.cn/sj/zxfb/202401/t20240112_1946465.html,https://www.stats.gov.cn/sj/zxfb/202401/t20240112_1946465.html,2024-01-12,"[""release_date_has_official_evidence"", ""seeded_from_frozen_pr13_snapshot""]",
cn_cpi,2024-01,2024-01-31,2024-02-08,official_release,2026-10-07T17:11:40+08:00,0.3,percent_yoy,https://www.stats.gov.cn/sj/zxfb/202402/t20240208_1947623.html,https://www.stats.gov.cn/sj/zxfb/202402/t20240208_1947623.html,2024-02-08,"[""release_date_has_official_evidence"", ""seeded_from_frozen_pr13_snapshot""]",
cn_cpi,2024-02,2024-02-29,2024-03-09,official_release,2026-10-07T17:11:40+08:00,0.7,percent_yoy,https://www.stats.gov.cn/sj/zxfb/202403/t20240321_1948077.html,https://www.stats.gov.cn/sj/zxfb/202403/t20240321_1948077.html,2024-03-09,"[""release_date_has_official_evidence"", ""seeded_from_frozen_pr13_snapshot""]",
cn_cpi,2024-03,2024-03-31,2024-04-11,official_release,2026-10-07T17:11:40+08:00,0.1,percent_yoy,https://www.stats.gov.cn/sj/zxfb/202404/t20240411_1948448.html,https://www.stats.gov.cn/sj/zxfb/202404/t20240411_1948448.html,2024-04-11,"[""release_date_has_official_evidence"", ""seeded_from_frozen_pr13_snapshot""]",
cn_cpi,2024-04,2024-04-30,2024-05-11,official_release,2026-10-07T17:11:40+08:00,0.3,percent_yoy,https://www.stats.gov.cn/sj/zxfb/202405/t20240511_1950302.html,https://www.stats.gov.cn/sj/zxfb/202405/t20240511_1950302.html,2024-05-11,"[""release_date_has_official_evidence"", ""seeded_from_frozen_pr13_snapshot""]",
cn_cpi,2024-05,2024-05-31,2024-06-12,official_release,2026-10-07T17:11:40+08:00,0.3,percent_yoy,https://www.stats.gov.cn/sj/zxfb/202406/t20240612_1954519.html,https://www.stats.gov.cn/sj/zxfb/202406/t20240612_1954519.html,2024-06-12,"[""release_date_has_official_evidence"", ""seeded_from_frozen_pr13_snapshot""]",
cn_cpi,2024-06,2024-06-30,2024-07-10,official_release,2026-10-07T17:11:40+08:00,0.2,percent_yoy,https://www.stats.gov.cn/sj/zxfb/202407/t20240710_1955508.html,https://www.stats.gov.cn/sj/zxfb/202407/t20240710_1955508.html,2024-07-10,"[""release_date_has_official_evidence"", ""seeded_from_frozen_pr13_snapshot""]",
cn_cpi,2024-07,2024-07-31,2024-08-09,official_release,2026-10-07T17:11:40+08:00,0.5,percent_yoy,https://www.stats.gov.cn/sj/zxfb/202408/t20240809_1955948.html,https://www.stats.gov.cn/sj/zxfb/202408/t20240809_1955948.html,2024-08-09,"[""release_date_has_official_evidence"", ""seeded_from_frozen_pr13_snapshot""]",
cn_cpi,2024-08,2024-08-31,2024-09-09,official_release,2026-10-07T17:11:40+08:00,0.6,percent_yoy,https://www.stats.gov.cn/sj/zxfb/202409/t20240909_1956311.html,https://www.stats.gov.cn/sj/zxfb/202409/t20240909_1956311.html,2024-09-09,"[""release_date_has_official_evidence"", ""seeded_from_frozen_pr13_snapshot""]",
cn_cpi,2024-09,2024-09-30,2024-10-13,official_release,2026-10-07T17:11:40+08:00,0.4,percent_yoy,https://www.stats.gov.cn/sj/zxfb/202410/t20241013_1956899.html,https://www.stats.gov.cn/sj/zxfb/202410/t20241013_1956899.html,2024-10-13,"[""release_date_has_official_evidence"", ""seeded_from_frozen_pr13_snapshot""]",
cn_cpi,2024-10,2024-10-31,2024-11-09,official_release,2026-10-07T17:11:40+08:00,0.3,percent_yoy,https://www.stats.gov.cn/sj/zxfb/202411/t20241109_1957353.html,https://www.stats.gov.cn/sj/zxfb/202411/t20241109_1957353.html,2024-11-09,"[""release_date_has_official_evidence"", ""seeded_from_frozen_pr13_snapshot""]",
cn_cpi,2024-11,2024-11-30,2024-12-09,official_release,2026-10-07T17:11:40+08:00,0.2,percent_yoy,https://www.stats.gov.cn/sj/zxfb/202412/t20241209_1957689.html,https://www.stats.gov.cn/sj/zxfb/202412/t20241209_1957689.html,2024-12-09,"[""release_date_has_official_evidence"", ""seeded_from_frozen_pr13_snapshot""]",
cn_cpi,2024-12,2024-12-31,2025-01-09,official_release,2026-10-07T17:11:40+08:00,0.1,percent_yoy,https://www.stats.gov.cn/sj/zxfb/202501/t20250109_1958170.html,https://www.stats.gov.cn/sj/zxfb/202501/t20250109_1958170.html,2025-01-09,"[""release_date_has_official_evidence"", ""seeded_from_frozen_pr13_snapshot""]",
cn_cpi,2025-01,2025-01-31,2025-02-09,official_release,2026-10-07T17:11:40+08:00,0.5,percent_yoy,https://www.stats.gov.cn/sj/zxfb/202502/t20250209_1958646.html,https://www.stats.gov.cn/sj/zxfb/202502/t20250209_1958646.html,2025-02-09,"[""release_date_has_official_evidence"", ""seeded_from_frozen_pr13_snapshot""]",
cn_cpi,2025-02,2025-02-28,2025-03-09,official_release,2026-10-07T17:11:40+08:00,-0.7,percent_yoy,https://www.stats.gov.cn/sj/zxfb/202503/t20250309_1958915.html,https://www.stats.gov.cn/sj/zxfb/202503/t20250309_1958915.html,2025-03-09,"[""release_date_has_official_evidence"", ""seeded_from_frozen_pr13_snapshot""]",
cn_cpi,2025-03,2025-03-31,2025-04-10,official_release,2026-10-07T17:11:40+08:00,-0.1,percent_yoy,https://www.stats.gov.cn/sj/zxfb/202504/t20250410_1959261.html,https://www.stats.gov.cn/sj/zxfb/202504/t20250410_1959261.html,2025-04-10,"[""release_date_has_official_evidence"", ""seeded_from_frozen_pr13_snapshot""]",
cn_cpi,2025-04,2025-04-30,2025-05-10,official_release,2026-10-07T17:11:40+08:00,-0.1,percent_yoy,https://www.stats.gov.cn/sj/zxfb/202505/t20250510_1959771.html,https://www.stats.gov.cn/sj/zxfb/202505/t20250510_1959771.html,2025-05-10,"[""release_date_has_official_evidence"", ""seeded_from_frozen_pr13_snapshot""]",
cn_cpi,2025-05,2025-05-31,2025-06-09,official_release,2026-10-07T17:11:40+08:00,-0.1,percent_yoy,https://www.stats.gov.cn/sj/zxfb/202506/t20250609_1960094.html,https://www.stats.gov.cn/sj/zxfb/202506/t20250609_1960094.html,2025-06-09,"[""release_date_has_official_evidence"", ""seeded_from_frozen_pr13_snapshot""]",
cn_cpi,2025-06,2025-06-30,2025-07-09,official_release,2026-10-07T17:11:40+08:00,0.1,percent_yoy,https://www.stats.gov.cn/sj/zxfb/202507/t20250709_1960370.html,https://www.stats.gov.cn/sj/zxfb/202507/t20250709_1960370.html,2025-07-09,"[""release_date_has_official_evidence"", ""seeded_from_frozen_pr13_snapshot""]",
cn_cpi,2025-07,2025-07-31,2025-08-09,official_release,2026-10-07T17:11:40+08:00,-0.3,percent_yoy,https://www.stats.gov.cn/sj/zxfb/202508/t20250809_1960635.html,https://www.stats.gov.cn/sj/zxfb/202508/t20250809_1960635.html,2025-08-09,"[""release_date_has_official_evidence"", ""seeded_from_frozen_pr13_snapshot""]",
cn_cpi,2025-08,2025-08-31,2025-09-10,official_release,2026-10-07T17:11:40+08:00,-0.4,percent_yoy,https://www.stats.gov.cn/sj/zxfb/202509/t20250910_1961112.html,https://www.stats.gov.cn/sj/zxfb/202509/t20250910_1961112.html,2025-09-10,"[""release_date_has_official_evidence"", ""seeded_from_frozen_pr13_snapshot""]",
cn_cpi,2025-09,2025-09-30,2025-10-15,official_release,2026-10-07T17:11:40+08:00,-0.3,percent_yoy,https://www.stats.gov.cn/sj/zxfb/202510/t20251015_1961521.html,https://www.stats.gov.cn/sj/zxfb/202510/t20251015_1961521.html,2025-10-15,"[""release_date_has_official_evidence"", ""seeded_from_frozen_pr13_snapshot""]",
cn_cpi,2025-10,2025-10-31,2025-11-09,official_release,2026-10-07T17:11:40+08:00,0.2,percent_yoy,https://www.stats.gov.cn/sj/zxfb/202511/t20251109_1961826.html,https://www.stats.gov.cn/sj/zxfb/202511/t20251109_1961826.html,2025-11-09,"[""release_date_has_official_evidence"", ""seeded_from_frozen_pr13_snapshot""]",
cn_cpi,2025-11,2025-11-30,2025-12-10,official_release,2026-10-07T17:11:40+08:00,0.7,percent_yoy,https://www.stats.gov.cn/sj/zxfb/202512/t20251210_1962015.html,https://www.stats.gov.cn/sj/zxfb/202512/t20251210_1962015.html,2025-12-10,"[""release_date_has_official_evidence"", ""seeded_from_frozen_pr13_snapshot""]",
cn_cpi,2025-12,2025-12-31,2026-01-09,official_release,2026-10-07T17:11:40+08:00,0.8,percent_yoy,https://www.stats.gov.cn/sj/zxfb/202601/t20260109_1962273.html,https://www.stats.gov.cn/sj/zxfb/202601/t20260109_1962273.html,2026-01-09,"[""release_date_has_official_evidence"", ""seeded_from_frozen_pr13_snapshot""]",
cn_cpi,2026-01,2026-01-31,2026-02-11,official_release,2026-10-07T17:11:40+08:00,0.2,percent_yoy,https://www.stats.gov.cn/sj/zxfb/202602/t20260211_1962588.html,https://www.stats.gov.cn/sj/zxfb/202602/t20260211_1962588.html,2026-02-11,"[""release_date_has_official_evidence"", ""seeded_from_frozen_pr13_snapshot""]",
cn_cpi,2026-02,2026-02-28,2026-03-09,official_release,2026-10-07T17:11:40+08:00,1.3,percent_yoy,https://www.stats.gov.cn/sj/zxfb/202603/t20260309_1962732.html,https://www.stats.gov.cn/sj/zxfb/202603/t20260309_1962732.html,2026-03-09,"[""release_date_has_official_evidence"", ""seeded_from_frozen_pr13_snapshot""]",
cn_cpi,2026-03,2026-03-31,2026-04-10,official_release,2026-10-07T17:11:40+08:00,1.0,percent_yoy,https://www.stats.gov.cn/sj/zxfb/202604/t20260410_1963264.html,https://www.stats.gov.cn/sj/zxfb/202604/t20260410_1963264.html,2026-04-10,"[""release_date_has_official_evidence"", ""seeded_from_frozen_pr13_snapshot""]",
cn_cpi,2026-04,2026-04-30,2026-05-11,official_release,2026-10-07T17:11:40+08:00,1.2,percent_yoy,https://www.stats.gov.cn/sj/zxfb/202605/t20260511_1963659.html,https://www.stats.gov.cn/sj/zxfb/202605/t20260511_1963659.html,2026-05-11,"[""release_date_has_official_evidence"", ""seeded_from_frozen_pr13_snapshot""]",
cn_cpi,2026-05,2026-05-31,2026-06-10,official_release,2026-10-07T17:11:40+08:00,1.2,percent_yoy,https://www.stats.gov.cn/sj/zxfb/202606/t20260610_1963923.html,https://www.stats.gov.cn/sj/zxfb/202606/t20260610_1963923.html,2026-06-10,"[""release_date_has_official_evidence"", ""seeded_from_frozen_pr13_snapshot""]",
cn_cpi,2026-06,2026-06-30,2026-07-09,official_release,2026-10-07T17:11:40+08:00,1.0,percent_yoy,https://www.stats.gov.cn/sj/zxfb/202607/t20260709_1964084.html,https://www.stats.gov.cn/sj/zxfb/202607/t20260709_1964084.html,2026-07-09,"[""release_date_has_official_evidence"", ""seeded_from_frozen_pr13_snapshot""]",
cn_cpi,2026-07,2026-07-31,2026-08-09,official_release,2026-10-07T17:11:40+08:00,0.5,percent_yoy,https://www.stats.gov.cn/sj/zxfb/202608/t20260809_1965008.html,https://www.stats.gov.cn/sj/zxfb/202608/t20260809_1965008.html,2026-08-09,"[""release_date_has_official_evidence"", ""seeded_from_frozen_pr13_snapshot""]",
cn_cpi,2026-08,2026-08-31,2026-09-09,official_release,2026-10-07T17:11:40+08:00,0.8,percent_yoy,https://www.stats.gov.cn/sj/zxfb/202609/t20260909_1965263.html,https://www.stats.gov.cn/sj/zxfb/202609/t20260909_1965263.html,2026-09-09,"[""release_date_has_official_evidence"", ""seeded_from_frozen_pr13_snapshot""]",
cn_ppi,2021-10,2021-10-31,2021-11-10,official_release,2026-10-07T17:11:40+08:00,13.5,percent_yoy,https://www.stats.gov.cn/sj/zxfb/202302/t20230203_1901273.html,https://www.stats.gov.cn/sj/zxfb/202302/t20230203_1901273.html,2021-11-10,"[""release_date_has_official_evidence"", ""seeded_from_frozen_pr13_snapshot""]",
cn_ppi,2021-11,2021-11-30,2021-12-09,official_release,2026-10-07T17:11:40+08:00,12.9,percent_yoy,https://www.stats.gov.cn/sj/zxfb/202302/t20230203_1901297.html,https://www.stats.gov.cn/sj/zxfb/202302/t20230203_1901297.html,2021-12-09,"[""release_date_has_official_evidence"", ""seeded_from_frozen_pr13_snapshot""]",
cn_ppi,2021-12,2021-12-31,2022-01-12,official_release,2026-10-07T17:11:40+08:00,10.3,percent_yoy,https://www.stats.gov.cn/sj/zxfb/202302/t20230203_1901329.html,https://www.stats.gov.cn/sj/zxfb/202302/t20230203_1901329.html,2022-01-12,"[""release_date_has_official_evidence"", ""seeded_from_frozen_pr13_snapshot""]",
cn_ppi,2022-01,2022-01-31,2022-02-16,official_release,2026-10-07T17:11:40+08:00,9.1,percent_yoy,https://www.stats.gov.cn/sj/zxfb/202302/t20230203_1901368.html,https://www.stats.gov.cn/sj/zxfb/202302/t20230203_1901368.html,2022-02-16,"[""release_date_has_official_evidence"", ""seeded_from_frozen_pr13_snapshot""]",
cn_ppi,2022-02,2022-02-28,2022-03-09,official_release,2026-10-07T17:11:40+08:00,8.8,percent_yoy,https://www.stats.gov.cn/sj/zxfb/202302/t20230203_1901399.html,https://www.stats.gov.cn/sj/zxfb/202302/t20230203_1901399.html,2022-03-09,"[""release_date_has_official_evidence"", ""seeded_from_frozen_pr13_snapshot""]",
cn_ppi,2022-03,2022-03-31,2022-04-11,official_release,2026-10-07T17:11:40+08:00,8.3,percent_yoy,https://www.stats.gov.cn/sj/zxfb/202302/t20230203_1901422.html,https://www.stats.gov.cn/sj/zxfb/202302/t20230203_1901422.html,2022-04-11,"[""release_date_has_official_evidence"", ""seeded_from_frozen_pr13_snapshot""]",
cn_ppi,2022-04,2022-04-30,2022-05-11,official_release,2026-10-07T17:11:40+08:00,8.0,percent_yoy,https://www.stats.gov.cn/sj/zxfb/202302/t20230203_1901457.html,https://www.stats.gov.cn/sj/zxfb/202302/t20230203_1901457.html,2022-05-11,"[""release_date_has_official_evidence"", ""seeded_from_frozen_pr13_snapshot""]",
cn_ppi,2022-05,2022-05-31,2022-06-10,official_release,2026-10-07T17:11:40+08:00,6.4,percent_yoy,https://www.stats.gov.cn/sj/zxfb/202302/t20230203_1901483.html,https://www.stats.gov.cn/sj/zxfb/202302/t20230203_1901483.html,2022-06-10,"[""release_date_has_official_evidence"", ""seeded_from_frozen_pr13_snapshot""]",
cn_ppi,2022-06,2022-06-30,2022-07-09,official_release,2026-10-07T17:11:40+08:00,6.1,percent_yoy,https://www.stats.gov.cn/sj/zxfb/202302/t20230203_1901505.html,https://www.stats.gov.cn/sj/zxfb/202302/t20230203_1901505.html,2022-07-09,"[""release_date_has_official_evidence"", ""seeded_from_frozen_pr13_snapshot""]",
cn_ppi,2022-07,2022-07-31,2022-08-10,official_release,2026-10-07T17:11:40+08:00,4.2,percent_yoy,https://www.stats.gov.cn/sj/zxfb/202302/t20230203_1901543.html,https://www.stats.gov.cn/sj/zxfb/202302/t20230203_1901543.html,2022-08-10,"[""release_date_has_official_evidence"", ""seeded_from_frozen_pr13_snapshot""]",
cn_ppi,2022-08,2022-08-31,2022-09-09,official_release,2026-10-07T17:11:40+08:00,2.3,percent_yoy,https://www.stats.gov.cn/sj/zxfb/202302/t20230203_1901571.html,https://www.stats.gov.cn/sj/zxfb/202302/t20230203_1901571.html,2022-09-09,"[""release_date_has_official_evidence"", ""seeded_from_frozen_pr13_snapshot""]",
cn_ppi,2022-09,2022-09-30,2022-10-14,official_release,2026-10-07T17:11:40+08:00,0.9,percent_yoy,https://www.stats.gov.cn/sj/zxfb/202302/t20230203_1901614.html,https://www.stats.gov.cn/sj/zxfb/202302/t20230203_1901614.html,2022-10-14,"[""release_date_has_official_evidence"", ""seeded_from_frozen_pr13_snapshot""]",
cn_ppi,2022-10,2022-10-31,2022-11-09,official_release,2026-10-07T17:11:40+08:00,-1.3,percent_yoy,https://www.stats.gov.cn/sj/zxfb/202302/t20230203_1901648.html,https://www.stats.gov.cn/sj/zxfb/202302/t20230203_1901648.html,2022-11-09,"[""release_date_has_official_evidence"", ""seeded_from_frozen_pr13_snapshot""]",
cn_ppi,2022-11,2022-11-30,2022-12-09,official_release,2026-10-07T17:11:40+08:00,-1.3,percent_yoy,https://www.stats.gov.cn/sj/zxfb/202302/t20230203_1901671.html,https://www.stats.gov.cn/sj/zxfb/202302/t20230203_1901671.html,2022-12-09,"[""release_date_has_official_evidence"", ""seeded_from_frozen_pr13_snapshot""]",
cn_ppi,2022-12,2022-12-31,2023-01-12,official_release,2026-10-07T17:11:40+08:00,-0.7,percent_yoy,https://www.stats.gov.cn/sj/zxfb/202302/t20230203_1901704.html,https://www.stats.gov.cn/sj/zxfb/202302/t20230203_1901704.html,2023-01-12,"[""release_date_has_official_evidence"", ""seeded_from_frozen_pr13_snapshot""]",
cn_ppi,2023-01,2023-01-31,2023-02-10,official_release,2026-10-07T17:11:40+08:00,-0.8,percent_yoy,https://www.stats.gov.cn/sj/zxfb/202302/t20230220_1913662.html,https://www.stats.gov.cn/sj/zxfb/202302/t20230220_1913662.html,2023-02-10,"[""release_date_has_official_evidence"", ""seeded_from_frozen_pr13_snapshot""]",
cn_ppi,2023-02,2023-02-28,2023-03-09,official_release,2026-10-07T17:11:40+08:00,-1.4,percent_yoy,https://www.stats.gov.cn/sj/zxfb/202303/t20230309_1936953.html,https://www.stats.gov.cn/sj/zxfb/202303/t20230309_1936953.html,2023-03-09,"[""release_date_has_official_evidence"", ""seeded_from_frozen_pr13_snapshot""]",
cn_ppi,2023-03,2023-03-31,2023-04-11,official_release,2026-10-07T17:11:40+08:00,-2.5,percent_yoy,https://www.stats.gov.cn/sj/zxfb/202304/t20230411_1938508.html,https://www.stats.gov.cn/sj/zxfb/202304/t20230411_1938508.html,2023-04-11,"[""release_date_has_official_evidence"", ""seeded_from_frozen_pr13_snapshot""]",
cn_ppi,2023-04,2023-04-30,2023-05-11,official_release,2026-10-07T17:11:40+08:00,-3.6,percent_yoy,https://www.stats.gov.cn/sj/zxfb/202305/t20230511_1939348.html,https://www.stats.gov.cn/sj/zxfb/202305/t20230511_1939348.html,2023-05-11,"[""release_date_has_official_evidence"", ""seeded_from_frozen_pr13_snapshot""]",
cn_ppi,2023-05,2023-05-31,2023-06-09,official_release,2026-10-07T17:11:40+08:00,-4.6,percent_yoy,https://www.stats.gov.cn/sj/zxfb/202306/t20230609_1940480.html,https://www.stats.gov.cn/sj/zxfb/202306/t20230609_1940480.html,2023-06-09,"[""release_date_has_official_evidence"", ""seeded_from_frozen_pr13_snapshot""]",
cn_ppi,2023-06,2023-06-30,2023-07-10,official_release,2026-10-07T17:11:40+08:00,-5.4,percent_yoy,https://www.stats.gov.cn/sj/zxfb/202307/t20230710_1941148.html,https://www.stats.gov.cn/sj/zxfb/202307/t20230710_1941148.html,2023-07-10,"[""release_date_has_official_evidence"", ""seeded_from_frozen_pr13_snapshot""]",
cn_ppi,2023-07,2023-07-31,2023-08-09,official_release,2026-10-07T17:11:40+08:00,-4.4,percent_yoy,https://www.stats.gov.cn/sj/zxfb/202308/t20230809_1941864.html,https://www.stats.gov.cn/sj/zxfb/202308/t20230809_1941864.html,2023-08-09,"[""release_date_has_official_evidence"", ""seeded_from_frozen_pr13_snapshot""]",
cn_ppi,2023-08,2023-08-31,2023-09-09,official_release,2026-10-07T17:11:40+08:00,-3.0,percent_yoy,https://www.stats.gov.cn/sj/zxfb/202309/t20230909_1942696.html,https://www.stats.gov.cn/sj/zxfb/202309/t20230909_1942696.html,2023-09-09,"[""release_date_has_official_evidence"", ""seeded_from_frozen_pr13_snapshot""]",
cn_ppi,2023-09,2023-09-30,2023-10-13,official_release,2026-10-07T17:11:40+08:00,-2.5,percent_yoy,https://www.stats.gov.cn/sj/zxfb/202310/t20231013_1943549.html,https://www.stats.gov.cn/sj/zxfb/202310/t20231013_1943549.html,2023-10-13,"[""release_date_has_official_evidence"", ""seeded_from_frozen_pr13_snapshot""]",
cn_ppi,2023-10,2023-10-31,2023-11-09,official_release,2026-10-07T17:11:40+08:00,-2.6,percent_yoy,https://www.stats.gov.cn/sj/zxfb/202311/t20231109_1944383.html,https://www.stats.gov.cn/sj/zxfb/202311/t20231109_1944383.html,2023-11-09,"[""release_date_has_official_evidence"", ""seeded_from_frozen_pr13_snapshot""]",
cn_ppi,2023-11,2023-11-30,2023-12-09,official_release,2026-10-07T17:11:40+08:00,-3.0,percent_yoy,https://www.stats.gov.cn/sj/zxfb/202312/t20231209_1945395.html,https://www.stats.gov.cn/sj/zxfb/202312/t20231209_1945395.html,2023-12-09,"[""release_date_has_official_evidence"", ""seeded_from_frozen_pr13_snapshot""]",
cn_ppi,2023-12,2023-12-31,2024-01-12,official_release,2026-10-07T17:11:40+08:00,-2.7,percent_yoy,https://www.stats.gov.cn/sj/zxfb/202401/t20240112_1946466.html,https://www.stats.gov.cn/sj/zxfb/202401/t20240112_1946466.html,2024-01-12,"[""release_date_has_official_evidence"", ""seeded_from_frozen_pr13_snapshot""]",
cn_ppi,2024-01,2024-01-31,2024-02-08,official_release,2026-10-07T17:11:40+08:00,-2.5,percent_yoy,https://www.stats.gov.cn/sj/zxfb/202402/t20240208_1947624.html,https://www.stats.gov.cn/sj/zxfb/202402/t20240208_1947624.html,2024-02-08,"[""release_date_has_official_evidence"", ""seeded_from_frozen_pr13_snapshot""]",
cn_ppi,2024-02,2024-02-29,2024-03-09,official_release,2026-10-07T17:11:40+08:00,-2.7,percent_yoy,https://www.stats.gov.cn/sj/zxfb/202403/t20240321_1948095.html,https://www.stats.gov.cn/sj/zxfb/202403/t20240321_1948095.html,2024-03-09,"[""release_date_has_official_evidence"", ""seeded_from_frozen_pr13_snapshot""]",
cn_ppi,2024-03,2024-03-31,2024-04-11,official_release,2026-10-07T17:11:40+08:00,-2.8,percent_yoy,https://www.stats.gov.cn/sj/zxfb/202404/t20240411_1948465.html,https://www.stats.gov.cn/sj/zxfb/202404/t20240411_1948465.html,2024-04-11,"[""release_date_has_official_evidence"", ""seeded_from_frozen_pr13_snapshot""]",
cn_ppi,2024-04,2024-04-30,2024-05-11,official_release,2026-10-07T17:11:40+08:00,-2.5,percent_yoy,https://www.stats.gov.cn/sj/zxfb/202405/t20240511_1950304.html,https://www.stats.gov.cn/sj/zxfb/202405/t20240511_1950304.html,2024-05-11,"[""release_date_has_official_evidence"", ""seeded_from_frozen_pr13_snapshot""]",
cn_ppi,2024-05,2024-05-31,2024-06-12,official_release,2026-10-07T17:11:40+08:00,-1.4,percent_yoy,https://www.stats.gov.cn/sj/zxfb/202406/t20240612_1954520.html,https://www.stats.gov.cn/sj/zxfb/202406/t20240612_1954520.html,2024-06-12,"[""release_date_has_official_evidence"", ""seeded_from_frozen_pr13_snapshot""]",
cn_ppi,2024-06,2024-06-30,2024-07-10,official_release,2026-10-07T17:11:40+08:00,-0.8,percent_yoy,https://www.stats.gov.cn/sj/zxfb/202407/t20240710_1955509.html,https://www.stats.gov.cn/sj/zxfb/202407/t20240710_1955509.html,2024-07-10,"[""release_date_has_official_evidence"", ""seeded_from_frozen_pr13_snapshot""]",
cn_ppi,2024-07,2024-07-31,2024-08-09,official_release,2026-10-07T17:11:40+08:00,-0.8,percent_yoy,https://www.stats.gov.cn/sj/zxfb/202408/t20240809_1955949.html,https://www.stats.gov.cn/sj/zxfb/202408/t20240809_1955949.html,2024-08-09,"[""release_date_has_official_evidence"", ""seeded_from_frozen_pr13_snapshot""]",
cn_ppi,2024-08,2024-08-31,2024-09-09,official_release,2026-10-07T17:11:40+08:00,-1.8,percent_yoy,https://www.stats.gov.cn/sj/zxfb/202409/t20240909_1956310.html,https://www.stats.gov.cn/sj/zxfb/202409/t20240909_1956310.html,2024-09-09,"[""release_date_has_official_evidence"", ""seeded_from_frozen_pr13_snapshot""]",
cn_ppi,2024-09,2024-09-30,2024-10-13,official_release,2026-10-07T17:11:40+08:00,-2.8,percent_yoy,https://www.stats.gov.cn/sj/zxfb/202410/t20241013_1956898.html,https://www.stats.gov.cn/sj/zxfb/202410/t20241013_1956898.html,2024-10-13,"[""release_date_has_official_evidence"", ""seeded_from_frozen_pr13_snapshot""]",
cn_ppi,2024-10,2024-10-31,2024-11-09,official_release,2026-10-07T17:11:40+08:00,-2.9,percent_yoy,https://www.stats.gov.cn/sj/zxfb/202411/t20241109_1957352.html,https://www.stats.gov.cn/sj/zxfb/202411/t20241109_1957352.html,2024-11-09,"[""release_date_has_official_evidence"", ""seeded_from_frozen_pr13_snapshot""]",
cn_ppi,2024-11,2024-11-30,2024-12-09,official_release,2026-10-07T17:11:40+08:00,-2.5,percent_yoy,https://www.stats.gov.cn/sj/zxfb/202412/t20241209_1957688.html,https://www.stats.gov.cn/sj/zxfb/202412/t20241209_1957688.html,2024-12-09,"[""release_date_has_official_evidence"", ""seeded_from_frozen_pr13_snapshot""]",
cn_ppi,2024-12,2024-12-31,2025-01-09,official_release,2026-10-07T17:11:40+08:00,-2.3,percent_yoy,https://www.stats.gov.cn/sj/zxfb/202501/t20250109_1958169.html,https://www.stats.gov.cn/sj/zxfb/202501/t20250109_1958169.html,2025-01-09,"[""release_date_has_official_evidence"", ""seeded_from_frozen_pr13_snapshot""]",
cn_ppi,2025-01,2025-01-31,2025-02-09,official_release,2026-10-07T17:11:40+08:00,-2.3,percent_yoy,https://www.stats.gov.cn/sj/zxfb/202502/t20250209_1958645.html,https://www.stats.gov.cn/sj/zxfb/202502/t20250209_1958645.html,2025-02-09,"[""release_date_has_official_evidence"", ""seeded_from_frozen_pr13_snapshot""]",
cn_ppi,2025-02,2025-02-28,2025-03-09,official_release,2026-10-07T17:11:40+08:00,-2.2,percent_yoy,https://www.stats.gov.cn/sj/zxfb/202503/t20250309_1958914.html,https://www.stats.gov.cn/sj/zxfb/202503/t20250309_1958914.html,2025-03-09,"[""release_date_has_official_evidence"", ""seeded_from_frozen_pr13_snapshot""]",
cn_ppi,2025-03,2025-03-31,2025-04-10,official_release,2026-10-07T17:11:40+08:00,-2.5,percent_yoy,https://www.stats.gov.cn/sj/zxfb/202504/t20250410_1959260.html,https://www.stats.gov.cn/sj/zxfb/202504/t20250410_1959260.html,2025-04-10,"[""release_date_has_official_evidence"", ""seeded_from_frozen_pr13_snapshot""]",
cn_ppi,2025-04,2025-04-30,2025-05-10,official_release,2026-10-07T17:11:40+08:00,-2.7,percent_yoy,https://www.stats.gov.cn/sj/zxfb/202505/t20250510_1959770.html,https://www.stats.gov.cn/sj/zxfb/202505/t20250510_1959770.html,2025-05-10,"[""release_date_has_official_evidence"", ""seeded_from_frozen_pr13_snapshot""]",
cn_ppi,2025-05,2025-05-31,2025-06-09,official_release,2026-10-07T17:11:40+08:00,-3.3,percent_yoy,https://www.stats.gov.cn/sj/zxfb/202506/t20250609_1960093.html,https://www.stats.gov.cn/sj/zxfb/202506/t20250609_1960093.html,2025-06-09,"[""release_date_has_official_evidence"", ""seeded_from_frozen_pr13_snapshot""]",
cn_ppi,2025-06,2025-06-30,2025-07-09,official_release,2026-10-07T17:11:40+08:00,-3.6,percent_yoy,https://www.stats.gov.cn/sj/zxfb/202507/t20250709_1960367.html,https://www.stats.gov.cn/sj/zxfb/202507/t20250709_1960367.html,2025-07-09,"[""release_date_has_official_evidence"", ""seeded_from_frozen_pr13_snapshot""]",
cn_ppi,2025-07,2025-07-31,2025-08-09,official_release,2026-10-07T17:11:40+08:00,-0.2,percent_yoy,https://www.stats.gov.cn/sj/zxfb/202508/t20250809_1960634.html,https://www.stats.gov.cn/sj/zxfb/202508/t20250809_1960634.html,2025-08-09,"[""release_date_has_official_evidence"", ""seeded_from_frozen_pr13_snapshot""]",
cn_ppi,2025-08,2025-08-31,2025-09-10,official_release,2026-10-07T17:11:40+08:00,-2.9,percent_yoy,https://www.stats.gov.cn/sj/zxfb/202509/t20250910_1961108.html,https://www.stats.gov.cn/sj/zxfb/202509/t20250910_1961108.html,2025-09-10,"[""release_date_has_official_evidence"", ""seeded_from_frozen_pr13_snapshot""]",
cn_ppi,2025-09,2025-09-30,2025-10-15,official_release,2026-10-07T17:11:40+08:00,-2.3,percent_yoy,https://www.stats.gov.cn/sj/zxfb/202510/t20251015_1961520.html,https://www.stats.gov.cn/sj/zxfb/202510/t20251015_1961520.html,2025-10-15,"[""release_date_has_official_evidence"", ""seeded_from_frozen_pr13_snapshot""]",
cn_ppi,2025-10,2025-10-31,2025-11-09,official_release,2026-10-07T17:11:40+08:00,-2.1,percent_yoy,https://www.stats.gov.cn/sj/zxfb/202511/t20251109_1961822.html,https://www.stats.gov.cn/sj/zxfb/202511/t20251109_1961822.html,2025-11-09,"[""release_date_has_official_evidence"", ""seeded_from_frozen_pr13_snapshot""]",
cn_ppi,2025-11,2025-11-30,2025-12-10,official_release,2026-10-07T17:11:40+08:00,-2.2,percent_yoy,https://www.stats.gov.cn/sj/zxfb/202512/t20251210_1962014.html,https://www.stats.gov.cn/sj/zxfb/202512/t20251210_1962014.html,2025-12-10,"[""release_date_has_official_evidence"", ""seeded_from_frozen_pr13_snapshot""]",
cn_ppi,2025-12,2025-12-31,2026-01-09,official_release,2026-10-07T17:11:40+08:00,-1.9,percent_yoy,https://www.stats.gov.cn/sj/zxfb/202601/t20260109_1962272.html,https://www.stats.gov.cn/sj/zxfb/202601/t20260109_1962272.html,2026-01-09,"[""release_date_has_official_evidence"", ""seeded_from_frozen_pr13_snapshot""]",
cn_ppi,2026-01,2026-01-31,2026-02-11,official_release,2026-10-07T17:11:40+08:00,-1.4,percent_yoy,https://www.stats.gov.cn/sj/zxfb/202602/t20260211_1962587.html,https://www.stats.gov.cn/sj/zxfb/202602/t20260211_1962587.html,2026-02-11,"[""release_date_has_official_evidence"", ""seeded_from_frozen_pr13_snapshot""]",
cn_ppi,2026-02,2026-02-28,2026-03-09,official_release,2026-10-07T17:11:40+08:00,-0.9,percent_yoy,https://www.stats.gov.cn/sj/zxfb/202603/t20260309_1962729.html,https://www.stats.gov.cn/sj/zxfb/202603/t20260309_1962729.html,2026-03-09,"[""release_date_has_official_evidence"", ""seeded_from_frozen_pr13_snapshot""]",
cn_ppi,2026-03,2026-03-31,2026-04-10,official_release,2026-10-07T17:11:40+08:00,-0.9,percent_yoy,https://www.stats.gov.cn/sj/zxfb/202604/t20260410_1963263.html,https://www.stats.gov.cn/sj/zxfb/202604/t20260410_1963263.html,2026-04-10,"[""release_date_has_official_evidence"", ""seeded_from_frozen_pr13_snapshot""]",
cn_ppi,2026-04,2026-04-30,2026-05-11,official_release,2026-10-07T17:11:40+08:00,2.8,percent_yoy,https://www.stats.gov.cn/sj/zxfb/202605/t20260511_1963658.html,https://www.stats.gov.cn/sj/zxfb/202605/t20260511_1963658.html,2026-05-11,"[""release_date_has_official_evidence"", ""seeded_from_frozen_pr13_snapshot""]",
cn_ppi,2026-05,2026-05-31,2026-06-10,official_release,2026-10-07T17:11:40+08:00,3.9,percent_yoy,https://www.stats.gov.cn/sj/zxfb/202606/t20260610_1963922.html,https://www.stats.gov.cn/sj/zxfb/202606/t20260610_1963922.html,2026-06-10,"[""release_date_has_official_evidence"", ""seeded_from_frozen_pr13_snapshot""]",
cn_ppi,2026-06,2026-06-30,2026-07-09,official_release,2026-10-07T17:11:40+08:00,4.1,percent_yoy,https://www.stats.gov.cn/sj/zxfb/202607/t20260709_1964083.html,https://www.stats.gov.cn/sj/zxfb/202607/t20260709_1964083.html,2026-07-09,"[""release_date_has_official_evidence"", ""seeded_from_frozen_pr13_snapshot""]",
cn_ppi,2026-07,2026-07-31,2026-08-09,official_release,2026-10-07T17:11:40+08:00,3.5,percent_yoy,https://www.stats.gov.cn/sj/zxfb/202608/t20260809_1965007.html,https://www.stats.gov.cn/sj/zxfb/202608/t20260809_1965007.html,2026-08-09,"[""release_date_has_official_evidence"", ""seeded_from_frozen_pr13_snapshot""]",
cn_ppi,2026-08,2026-08-31,2026-09-09,official_release,2026-10-07T17:11:40+08:00,3.8,percent_yoy,https://www.stats.gov.cn/sj/zxfb/202609/t20260909_1965262.html,https://www.stats.gov.cn/sj/zxfb/202609/t20260909_1965262.html,2026-09-09,"[""release_date_has_official_evidence"", ""seeded_from_frozen_pr13_snapshot""]",
cn_pmi_new_orders,2021-10,2021-10-31,2021-10-31,official_release,2026-10-07T17:11:40+08:00,48.8,index_points,https://www.stats.gov.cn/sj/zxfb/202302/t20230203_1901269.html,https://www.stats.gov.cn/sj/zxfb/202302/t20230203_1901269.html,2021-10-31,"[""release_date_has_official_evidence"", ""seeded_from_frozen_pr13_snapshot""]",
cn_pmi_new_orders,2021-11,2021-11-30,2021-11-30,official_release,2026-10-07T17:11:40+08:00,49.4,index_points,https://www.stats.gov.cn/sj/zxfb/202302/t20230203_1901291.html,https://www.stats.gov.cn/sj/zxfb/202302/t20230203_1901291.html,2021-11-30,"[""release_date_has_official_evidence"", ""seeded_from_frozen_pr13_snapshot""]",
cn_pmi_new_orders,2021-12,2021-12-31,2021-12-31,official_release,2026-10-07T17:11:40+08:00,49.7,index_points,https://www.stats.gov.cn/sj/zxfb/202302/t20230203_1901325.html,https://www.stats.gov.cn/sj/zxfb/202302/t20230203_1901325.html,2021-12-31,"[""release_date_has_official_evidence"", ""seeded_from_frozen_pr13_snapshot""]",
cn_pmi_new_orders,2022-01,2022-01-31,2022-01-30,official_release,2026-10-07T17:11:40+08:00,49.3,index_points,https://www.stats.gov.cn/sj/zxfb/202302/t20230203_1901362.html,https://www.stats.gov.cn/sj/zxfb/202302/t20230203_1901362.html,2022-01-30,"[""release_date_has_official_evidence"", ""seeded_from_frozen_pr13_snapshot""]",
cn_pmi_new_orders,2022-02,2022-02-28,2022-03-01,official_release,2026-10-07T17:11:40+08:00,50.7,index_points,https://www.stats.gov.cn/sj/zxfb/202302/t20230203_1901395.html,https://www.stats.gov.cn/sj/zxfb/202302/t20230203_1901395.html,2022-03-01,"[""release_date_has_official_evidence"", ""seeded_from_frozen_pr13_snapshot""]",
cn_pmi_new_orders,2022-03,2022-03-31,2022-03-31,official_release,2026-10-07T17:11:40+08:00,48.8,index_points,https://www.stats.gov.cn/sj/zxfb/202302/t20230203_1901418.html,https://www.stats.gov.cn/sj/zxfb/202302/t20230203_1901418.html,2022-03-31,"[""release_date_has_official_evidence"", ""seeded_from_frozen_pr13_snapshot""]",
cn_pmi_new_orders,2022-04,2022-04-30,2022-04-30,official_release,2026-10-07T17:11:40+08:00,42.6,index_points,https://www.stats.gov.cn/sj/zxfb/202302/t20230203_1901453.html,https://www.stats.gov.cn/sj/zxfb/202302/t20230203_1901453.html,2022-04-30,"[""release_date_has_official_evidence"", ""seeded_from_frozen_pr13_snapshot""]",
cn_pmi_new_orders,2022-05,2022-05-31,2022-05-31,official_release,2026-10-07T17:11:40+08:00,48.2,index_points,https://www.stats.gov.cn/sj/zxfb/202302/t20230203_1901479.html,https://www.stats.gov.cn/sj/zxfb/202302/t20230203_1901479.html,2022-05-31,"[""release_date_has_official_evidence"", ""seeded_from_frozen_pr13_snapshot""]",
cn_pmi_new_orders,2022-06,2022-06-30,2022-06-30,official_release,2026-10-07T17:11:40+08:00,50.4,index_points,https://www.stats.gov.cn/sj/zxfb/202302/t20230203_1901501.html,https://www.stats.gov.cn/sj/zxfb/202302/t20230203_1901501.html,2022-06-30,"[""release_date_has_official_evidence"", ""seeded_from_frozen_pr13_snapshot""]",
cn_pmi_new_orders,2022-07,2022-07-31,2022-07-31,official_release,2026-10-07T17:11:40+08:00,48.5,index_points,https://www.stats.gov.cn/sj/zxfb/202302/t20230203_1901539.html,https://www.stats.gov.cn/sj/zxfb/202302/t20230203_1901539.html,2022-07-31,"[""release_date_has_official_evidence"", ""seeded_from_frozen_pr13_snapshot""]",
cn_pmi_new_orders,2022-08,2022-08-31,2022-08-31,official_release,2026-10-07T17:11:40+08:00,49.2,index_points,https://www.stats.gov.cn/sj/zxfb/202302/t20230203_1901567.html,https://www.stats.gov.cn/sj/zxfb/202302/t20230203_1901567.html,2022-08-31,"[""release_date_has_official_evidence"", ""seeded_from_frozen_pr13_snapshot""]",
cn_pmi_new_orders,2022-09,2022-09-30,2022-09-30,official_release,2026-10-07T17:11:40+08:00,49.8,index_points,https://www.stats.gov.cn/sj/zxfb/202302/t20230203_1901601.html,https://www.stats.gov.cn/sj/zxfb/202302/t20230203_1901601.html,2022-09-30,"[""release_date_has_official_evidence"", ""seeded_from_frozen_pr13_snapshot""]",
cn_pmi_new_orders,2022-10,2022-10-31,2022-10-31,official_release,2026-10-07T17:11:40+08:00,48.1,index_points,https://www.stats.gov.cn/sj/zxfb/202302/t20230203_1901644.html,https://www.stats.gov.cn/sj/zxfb/202302/t20230203_1901644.html,2022-10-31,"[""release_date_has_official_evidence"", ""seeded_from_frozen_pr13_snapshot""]",
cn_pmi_new_orders,2022-11,2022-11-30,2022-11-30,official_release,2026-10-07T17:11:40+08:00,46.4,index_points,https://www.stats.gov.cn/sj/zxfb/202302/t20230203_1901666.html,https://www.stats.gov.cn/sj/zxfb/202302/t20230203_1901666.html,2022-11-30,"[""release_date_has_official_evidence"", ""seeded_from_frozen_pr13_snapshot""]",
cn_pmi_new_orders,2022-12,2022-12-31,2022-12-31,official_release,2026-10-07T17:11:40+08:00,43.9,index_points,https://www.stats.gov.cn/sj/zxfb/202302/t20230203_1901700.html,https://www.stats.gov.cn/sj/zxfb/202302/t20230203_1901700.html,2022-12-31,"[""release_date_has_official_evidence"", ""seeded_from_frozen_pr13_snapshot""]",
cn_pmi_new_orders,2023-01,2023-01-31,2023-01-31,official_release,2026-10-07T17:11:40+08:00,50.9,index_points,https://www.stats.gov.cn/sj/zxfb/202302/t20230203_1901737.html,https://www.stats.gov.cn/sj/zxfb/202302/t20230203_1901737.html,2023-01-31,"[""release_date_has_official_evidence"", ""seeded_from_frozen_pr13_snapshot""]",
cn_pmi_new_orders,2023-02,2023-02-28,2023-03-01,official_release,2026-10-07T17:11:40+08:00,54.1,index_points,https://www.stats.gov.cn/sj/zxfb/202303/t20230301_1919045.html,https://www.stats.gov.cn/sj/zxfb/202303/t20230301_1919045.html,2023-03-01,"[""release_date_has_official_evidence"", ""seeded_from_frozen_pr13_snapshot""]",
cn_pmi_new_orders,2023-03,2023-03-31,2023-03-31,official_release,2026-10-07T17:11:40+08:00,53.6,index_points,https://www.stats.gov.cn/sj/zxfb/202303/t20230331_1938271.html,https://www.stats.gov.cn/sj/zxfb/202303/t20230331_1938271.html,2023-03-31,"[""release_date_has_official_evidence"", ""seeded_from_frozen_pr13_snapshot""]",
cn_pmi_new_orders,2023-04,2023-04-30,2023-04-30,official_release,2026-10-07T17:11:40+08:00,48.8,index_points,https://www.stats.gov.cn/sj/zxfb/202304/t20230429_1939136.html,https://www.stats.gov.cn/sj/zxfb/202304/t20230429_1939136.html,2023-04-30,"[""release_date_has_official_evidence"", ""seeded_from_frozen_pr13_snapshot""]",
cn_pmi_new_orders,2023-05,2023-05-31,2023-05-31,official_release,2026-10-07T17:11:40+08:00,48.3,index_points,https://www.stats.gov.cn/sj/zxfb/202305/t20230531_1940267.html,https://www.stats.gov.cn/sj/zxfb/202305/t20230531_1940267.html,2023-05-31,"[""release_date_has_official_evidence"", ""seeded_from_frozen_pr13_snapshot""]",
cn_pmi_new_orders,2023-06,2023-06-30,2023-06-30,official_release,2026-10-07T17:11:40+08:00,48.6,index_points,https://www.stats.gov.cn/sj/zxfb/202306/t20230630_1940935.html,https://www.stats.gov.cn/sj/zxfb/202306/t20230630_1940935.html,2023-06-30,"[""release_date_has_official_evidence"", ""seeded_from_frozen_pr13_snapshot""]",
cn_pmi_new_orders,2023-07,2023-07-31,2023-07-31,official_release,2026-10-07T17:11:40+08:00,49.5,index_points,https://www.stats.gov.cn/sj/zxfb/202307/t20230731_1941624.html,https://www.stats.gov.cn/sj/zxfb/202307/t20230731_1941624.html,2023-07-31,"[""release_date_has_official_evidence"", ""seeded_from_frozen_pr13_snapshot""]",
cn_pmi_new_orders,2023-08,2023-08-31,2023-08-31,official_release,2026-10-07T17:11:40+08:00,50.2,index_points,https://www.stats.gov.cn/sj/zxfb/202308/t20230831_1942429.html,https://www.stats.gov.cn/sj/zxfb/202308/t20230831_1942429.html,2023-08-31,"[""release_date_has_official_evidence"", ""seeded_from_frozen_pr13_snapshot""]",
cn_pmi_new_orders,2023-09,2023-09-30,2023-09-30,official_release,2026-10-07T17:11:40+08:00,50.5,index_points,https://www.stats.gov.cn/sj/zxfb/202309/t20230928_1943291.html,https://www.stats.gov.cn/sj/zxfb/202309/t20230928_1943291.html,2023-09-30,"[""release_date_has_official_evidence"", ""seeded_from_frozen_pr13_snapshot""]",
cn_pmi_new_orders,2023-10,2023-10-31,2023-10-31,official_release,2026-10-07T17:11:40+08:00,49.5,index_points,https://www.stats.gov.cn/sj/zxfb/202310/t20231031_1944037.html,https://www.stats.gov.cn/sj/zxfb/202310/t20231031_1944037.html,2023-10-31,"[""release_date_has_official_evidence"", ""seeded_from_frozen_pr13_snapshot""]",
cn_pmi_new_orders,2023-11,2023-11-30,2023-11-30,official_release,2026-10-07T17:11:40+08:00,49.4,index_points,https://www.stats.gov.cn/sj/zxfb/202311/t20231130_1945018.html,https://www.stats.gov.cn/sj/zxfb/202311/t20231130_1945018.html,2023-11-30,"[""release_date_has_official_evidence"", ""seeded_from_frozen_pr13_snapshot""]",
cn_pmi_new_orders,2023-12,2023-12-31,2023-12-31,official_release,2026-10-07T17:11:40+08:00,48.7,index_points,https://www.stats.gov.cn/sj/zxfb/202312/t20231229_1946102.html,https://www.stats.gov.cn/sj/zxfb/202312/t20231229_1946102.html,2023-12-31,"[""release_date_has_official_evidence"", ""seeded_from_frozen_pr13_snapshot""]",
cn_pmi_new_orders,2024-01,2024-01-31,2024-01-31,official_release,2026-10-07T17:11:40+08:00,49.0,index_points,https://www.stats.gov.cn/sj/zxfb/202401/t20240131_1947009.html,https://www.stats.gov.cn/sj/zxfb/202401/t20240131_1947009.html,2024-01-31,"[""release_date_has_official_evidence"", ""seeded_from_frozen_pr13_snapshot""]",
cn_pmi_new_orders,2024-02,2024-02-29,2024-03-01,official_release,2026-10-07T17:11:40+08:00,49.0,index_points,https://www.stats.gov.cn/sj/zxfb/202403/t20240318_1948006.html,https://www.stats.gov.cn/sj/zxfb/202403/t20240318_1948006.html,2024-03-01,"[""release_date_has_official_evidence"", ""seeded_from_frozen_pr13_snapshot""]",
cn_pmi_new_orders,2024-03,2024-03-31,2024-03-31,official_release,2026-10-07T17:11:40+08:00,53.0,index_points,https://www.stats.gov.cn/sj/zxfb/202404/t20240411_1948446.html,https://www.stats.gov.cn/sj/zxfb/202404/t20240411_1948446.html,2024-03-31,"[""release_date_has_official_evidence"", ""seeded_from_frozen_pr13_snapshot""]",
cn_pmi_new_orders,2024-04,2024-04-30,2024-04-30,official_release,2026-10-07T17:11:40+08:00,51.1,index_points,https://www.stats.gov.cn/sj/zxfb/202404/t20240430_1948787.html,https://www.stats.gov.cn/sj/zxfb/202404/t20240430_1948787.html,2024-04-30,"[""release_date_has_official_evidence"", ""seeded_from_frozen_pr13_snapshot""]",
cn_pmi_new_orders,2024-05,2024-05-31,2024-05-31,official_release,2026-10-07T17:11:40+08:00,49.6,index_points,https://www.stats.gov.cn/sj/zxfb/202405/t20240531_1954176.html,https://www.stats.gov.cn/sj/zxfb/202405/t20240531_1954176.html,2024-05-31,"[""release_date_has_official_evidence"", ""seeded_from_frozen_pr13_snapshot""]",
cn_pmi_new_orders,2024-06,2024-06-30,2024-06-30,official_release,2026-10-07T17:11:40+08:00,49.5,index_points,https://www.stats.gov.cn/sj/zxfb/202406/t20240630_1955251.html,https://www.stats.gov.cn/sj/zxfb/202406/t20240630_1955251.html,2024-06-30,"[""release_date_has_official_evidence"", ""seeded_from_frozen_pr13_snapshot""]",
cn_pmi_new_orders,2024-07,2024-07-31,2024-07-31,official_release,2026-10-07T17:11:40+08:00,49.3,index_points,https://www.stats.gov.cn/sj/zxfb/202407/t20240731_1955901.html,https://www.stats.gov.cn/sj/zxfb/202407/t20240731_1955901.html,2024-07-31,"[""release_date_has_official_evidence"", ""seeded_from_frozen_pr13_snapshot""]",
cn_pmi_new_orders,2024-08,2024-08-31,2024-08-31,official_release,2026-10-07T17:11:40+08:00,48.9,index_points,https://www.stats.gov.cn/sj/zxfb/202408/t20240831_1956161.html,https://www.stats.gov.cn/sj/zxfb/202408/t20240831_1956161.html,2024-08-31,"[""release_date_has_official_evidence"", ""seeded_from_frozen_pr13_snapshot""]",
cn_pmi_new_orders,2024-09,2024-09-30,2024-09-30,official_release,2026-10-07T17:11:40+08:00,49.9,index_points,https://www.stats.gov.cn/sj/zxfb/202409/t20240930_1956798.html,https://www.stats.gov.cn/sj/zxfb/202409/t20240930_1956798.html,2024-09-30,"[""release_date_has_official_evidence"", ""seeded_from_frozen_pr13_snapshot""]",
cn_pmi_new_orders,2024-10,2024-10-31,2024-10-31,official_release,2026-10-07T17:11:40+08:00,50.0,index_points,https://www.stats.gov.cn/sj/zxfb/202410/t20241031_1957214.html,https://www.stats.gov.cn/sj/zxfb/202410/t20241031_1957214.html,2024-10-31,"[""release_date_has_official_evidence"", ""seeded_from_frozen_pr13_snapshot""]",
cn_pmi_new_orders,2024-11,2024-11-30,2024-11-30,official_release,2026-10-07T17:11:40+08:00,50.8,index_points,https://www.stats.gov.cn/sj/zxfb/202411/t20241130_1957624.html,https://www.stats.gov.cn/sj/zxfb/202411/t20241130_1957624.html,2024-11-30,"[""release_date_has_official_evidence"", ""seeded_from_frozen_pr13_snapshot""]",
cn_pmi_new_orders,2024-12,2024-12-31,2024-12-31,official_release,2026-10-07T17:11:40+08:00,51.0,index_points,https://www.stats.gov.cn/sj/zxfb/202412/t20241231_1958118.html,https://www.stats.gov.cn/sj/zxfb/202412/t20241231_1958118.html,2024-12-31,"[""release_date_has_official_evidence"", ""seeded_from_frozen_pr13_snapshot""]",
cn_pmi_new_orders,2025-01,2025-01-31,2025-01-27,official_release,2026-10-07T17:11:40+08:00,49.2,index_points,https://www.stats.gov.cn/sj/zxfb/202501/t20250127_1958493.html,https://www.stats.gov.cn/sj/zxfb/202501/t20250127_1958493.html,2025-01-27,"[""release_date_has_official_evidence"", ""seeded_from_frozen_pr13_snapshot""]",
cn_pmi_new_orders,2025-02,2025-02-28,2025-03-01,official_release,2026-10-07T17:11:40+08:00,51.1,index_points,https://www.stats.gov.cn/sj/zxfb/202503/t20250301_1958837.html,https://www.stats.gov.cn/sj/zxfb/202503/t20250301_1958837.html,2025-03-01,"[""release_date_has_official_evidence"", ""seeded_from_frozen_pr13_snapshot""]",
cn_pmi_new_orders,2025-03,2025-03-31,2025-03-31,official_release,2026-10-07T17:11:40+08:00,51.8,index_points,https://www.stats.gov.cn/sj/zxfb/202503/t20250331_1959176.html,https://www.stats.gov.cn/sj/zxfb/202503/t20250331_1959176.html,2025-03-31,"[""release_date_has_official_evidence"", ""seeded_from_frozen_pr13_snapshot""]",
cn_pmi_new_orders,2025-04,2025-04-30,2025-04-30,official_release,2026-10-07T17:11:40+08:00,49.2,index_points,https://www.stats.gov.cn/sj/zxfb/202504/t20250430_1959521.html,https://www.stats.gov.cn/sj/zxfb/202504/t20250430_1959521.html,2025-04-30,"[""release_date_has_official_evidence"", ""seeded_from_frozen_pr13_snapshot""]",
cn_pmi_new_orders,2025-05,2025-05-31,2025-05-31,official_release,2026-10-07T17:11:40+08:00,49.8,index_points,https://www.stats.gov.cn/sj/zxfb/202505/t20250531_1959985.html,https://www.stats.gov.cn/sj/zxfb/202505/t20250531_1959985.html,2025-05-31,"[""release_date_has_official_evidence"", ""seeded_from_frozen_pr13_snapshot""]",
cn_pmi_new_orders,2025-06,2025-06-30,2025-06-30,official_release,2026-10-07T17:11:40+08:00,50.2,index_points,https://www.stats.gov.cn/sj/zxfb/202506/t20250630_1960283.html,https://www.stats.gov.cn/sj/zxfb/202506/t20250630_1960283.html,2025-06-30,"[""release_date_has_official_evidence"", ""seeded_from_frozen_pr13_snapshot""]",
cn_pmi_new_orders,2025-07,2025-07-31,2025-07-31,official_release,2026-10-07T17:11:40+08:00,49.4,index_points,https://www.stats.gov.cn/sj/zxfb/202507/t20250731_1960551.html,https://www.stats.gov.cn/sj/zxfb/202507/t20250731_1960551.html,2025-07-31,"[""release_date_has_official_evidence"", ""seeded_from_frozen_pr13_snapshot""]",
cn_pmi_new_orders,2025-08,2025-08-31,2025-08-31,official_release,2026-10-07T17:11:40+08:00,49.5,index_points,https://www.stats.gov.cn/sj/zxfb/202508/t20250831_1960937.html,https://www.stats.gov.cn/sj/zxfb/202508/t20250831_1960937.html,2025-08-31,"[""release_date_has_official_evidence"", ""seeded_from_frozen_pr13_snapshot""]",
cn_pmi_new_orders,2025-09,2025-09-30,2025-09-30,official_release,2026-10-07T17:11:40+08:00,49.7,index_points,https://www.stats.gov.cn/sj/zxfb/202509/t20250930_1961438.html,https://www.stats.gov.cn/sj/zxfb/202509/t20250930_1961438.html,2025-09-30,"[""release_date_has_official_evidence"", ""seeded_from_frozen_pr13_snapshot""]",
cn_pmi_new_orders,2025-10,2025-10-31,2025-10-31,official_release,2026-10-07T17:11:40+08:00,48.8,index_points,https://www.stats.gov.cn/sj/zxfb/202510/t20251031_1961740.html,https://www.stats.gov.cn/sj/zxfb/202510/t20251031_1961740.html,2025-10-31,"[""release_date_has_official_evidence"", ""seeded_from_frozen_pr13_snapshot""]",
cn_pmi_new_orders,2025-11,2025-11-30,2025-11-30,official_release,2026-10-07T17:11:40+08:00,49.2,index_points,https://www.stats.gov.cn/sj/zxfb/202511/t20251130_1961945.html,https://www.stats.gov.cn/sj/zxfb/202511/t20251130_1961945.html,2025-11-30,"[""release_date_has_official_evidence"", ""seeded_from_frozen_pr13_snapshot""]",
cn_pmi_new_orders,2025-12,2025-12-31,2025-12-31,official_release,2026-10-07T17:11:40+08:00,50.8,index_points,https://www.stats.gov.cn/sj/zxfb/202512/t20251231_1962218.html,https://www.stats.gov.cn/sj/zxfb/202512/t20251231_1962218.html,2025-12-31,"[""release_date_has_official_evidence"", ""seeded_from_frozen_pr13_snapshot""]",
cn_pmi_new_orders,2026-01,2026-01-31,2026-01-31,official_release,2026-10-07T17:11:40+08:00,49.2,index_points,https://www.stats.gov.cn/sj/zxfb/202601/t20260131_1962416.html,https://www.stats.gov.cn/sj/zxfb/202601/t20260131_1962416.html,2026-01-31,"[""release_date_has_official_evidence"", ""seeded_from_frozen_pr13_snapshot""]",
cn_pmi_new_orders,2026-02,2026-02-28,2026-03-04,official_release,2026-10-07T17:11:40+08:00,48.6,index_points,https://www.stats.gov.cn/sj/zxfb/202603/t20260304_1962699.html,https://www.stats.gov.cn/sj/zxfb/202603/t20260304_1962699.html,2026-03-04,"[""release_date_has_official_evidence"", ""seeded_from_frozen_pr13_snapshot""]",
cn_pmi_new_orders,2026-03,2026-03-31,2026-03-31,official_release,2026-10-07T17:11:40+08:00,51.6,index_points,https://www.stats.gov.cn/sj/zxfb/202603/t20260331_1962889.html,https://www.stats.gov.cn/sj/zxfb/202603/t20260331_1962889.html,2026-03-31,"[""release_date_has_official_evidence"", ""seeded_from_frozen_pr13_snapshot""]",
cn_pmi_new_orders,2026-04,2026-04-30,2026-04-30,official_release,2026-10-07T17:11:40+08:00,50.6,index_points,https://www.stats.gov.cn/sj/zxfb/202604/t20260430_1963473.html,https://www.stats.gov.cn/sj/zxfb/202604/t20260430_1963473.html,2026-04-30,"[""release_date_has_official_evidence"", ""seeded_from_frozen_pr13_snapshot""]",
cn_pmi_new_orders,2026-05,2026-05-31,2026-05-31,official_release,2026-10-07T17:11:40+08:00,49.9,index_points,https://www.stats.gov.cn/sj/zxfb/202605/t20260531_1963824.html,https://www.stats.gov.cn/sj/zxfb/202605/t20260531_1963824.html,2026-05-31,"[""release_date_has_official_evidence"", ""seeded_from_frozen_pr13_snapshot""]",
cn_pmi_new_orders,2026-06,2026-06-30,2026-06-30,official_release,2026-10-07T17:11:40+08:00,51.2,index_points,https://www.stats.gov.cn/sj/zxfb/202606/t20260630_1964032.html,https://www.stats.gov.cn/sj/zxfb/202606/t20260630_1964032.html,2026-06-30,"[""release_date_has_official_evidence"", ""seeded_from_frozen_pr13_snapshot""]",
cn_pmi_new_orders,2026-07,2026-07-31,2026-07-31,official_release,2026-10-07T17:11:40+08:00,48.5,index_points,https://www.stats.gov.cn/sj/zxfb/202607/t20260731_1964253.html,https://www.stats.gov.cn/sj/zxfb/202607/t20260731_1964253.html,2026-07-31,"[""release_date_has_official_evidence"", ""seeded_from_frozen_pr13_snapshot""]",
cn_pmi_new_orders,2026-08,2026-08-31,2026-08-31,official_release,2026-10-07T17:11:40+08:00,50.6,index_points,https://www.stats.gov.cn/sj/zxfb/202608/t20260831_1965154.html,https://www.stats.gov.cn/sj/zxfb/202608/t20260831_1965154.html,2026-08-31,"[""release_date_has_official_evidence"", ""seeded_from_frozen_pr13_snapshot""]",
cn_pmi_new_orders,2026-09,2026-09-30,2026-09-30,official_release,2026-10-07T17:11:40+08:00,50.5,index_points,https://www.stats.gov.cn/sj/zxfb/202609/t20260930_1965449.html,https://www.stats.gov.cn/sj/zxfb/202609/t20260930_1965449.html,2026-09-30,"[""release_date_has_official_evidence"", ""seeded_from_frozen_pr13_snapshot""]",
cn_m1,2009-11,2009-11-30,2009-12-11,official_release,2026-10-07T16:41:31+08:00,34.63,percent_yoy,https://www.pbc.gov.cn/diaochatongjisi/116219/116225/2843462/index.html,https://www.pbc.gov.cn/diaochatongjisi/116219/116225/2843462/index.html,2009-12-11,"[""release_date_has_official_evidence"", ""seeded_from_frozen_pr13_snapshot""]",
cn_m1,2009-12,2009-12-31,2010-01-15,official_release,2026-10-07T16:41:31+08:00,32.35,percent_yoy,https://www.pbc.gov.cn/diaochatongjisi/116219/116225/2843694/index.html,https://www.pbc.gov.cn/diaochatongjisi/116219/116225/2843694/index.html,2010-01-15,"[""release_date_has_official_evidence"", ""seeded_from_frozen_pr13_snapshot""]",
cn_m1,2010-01,2010-01-31,2010-02-11,official_release,2026-10-07T16:41:31+08:00,38.96,percent_yoy,https://www.pbc.gov.cn/diaochatongjisi/116219/116225/2844024/index.html,https://www.pbc.gov.cn/diaochatongjisi/116219/116225/2844024/index.html,2010-02-11,"[""release_date_has_official_evidence"", ""seeded_from_frozen_pr13_snapshot""]",
cn_m1,2010-02,2010-02-28,2010-03-11,official_release,2026-10-07T16:41:31+08:00,34.99,percent_yoy,https://www.pbc.gov.cn/diaochatongjisi/116219/116225/2844015/index.html,https://www.pbc.gov.cn/diaochatongjisi/116219/116225/2844015/index.html,2010-03-11,"[""release_date_has_official_evidence"", ""seeded_from_frozen_pr13_snapshot""]",
cn_m1,2010-03,2010-03-31,2010-04-12,official_release,2026-10-07T16:41:31+08:00,29.94,percent_yoy,https://www.pbc.gov.cn/diaochatongjisi/116219/116225/2844496/index.html,https://www.pbc.gov.cn/diaochatongjisi/116219/116225/2844496/index.html,2010-04-12,"[""release_date_has_official_evidence"", ""seeded_from_frozen_pr13_snapshot""]",
cn_m1,2010-04,2010-04-30,2010-05-11,official_release,2026-10-07T16:41:31+08:00,31.25,percent_yoy,https://www.pbc.gov.cn/diaochatongjisi/116219/116225/2844871/index.html,https://www.pbc.gov.cn/diaochatongjisi/116219/116225/2844871/index.html,2010-05-11,"[""release_date_has_official_evidence"", ""seeded_from_frozen_pr13_snapshot""]",
cn_m1,2010-05,2010-05-31,2010-06-11,official_release,2026-10-07T16:41:31+08:00,29.9,percent_yoy,https://www.pbc.gov.cn/diaochatongjisi/116219/116225/2845769/index.html,https://www.pbc.gov.cn/diaochatongjisi/116219/116225/2845769/index.html,2010-06-11,"[""release_date_has_official_evidence"", ""seeded_from_frozen_pr13_snapshot""]",
cn_m1,2010-06,2010-06-30,2010-07-11,official_release,2026-10-07T16:41:31+08:00,24.6,percent_yoy,https://www.pbc.gov.cn/diaochatongjisi/116219/116225/2846253/index.html,https://www.pbc.gov.cn/diaochatongjisi/116219/116225/2846253/index.html,2010-07-11,"[""release_date_has_official_evidence"", ""seeded_from_frozen_pr13_snapshot""]",
cn_m1,2010-07,2010-07-31,2010-08-11,official_release,2026-10-07T16:41:31+08:00,22.9,percent_yoy,https://www.pbc.gov.cn/diaochatongjisi/116219/116225/2847240/index.html,https://www.pbc.gov.cn/diaochatongjisi/116219/116225/2847240/index.html,2010-08-11,"[""release_date_has_official_evidence"", ""seeded_from_frozen_pr13_snapshot""]",
cn_m1,2010-08,2010-08-31,2010-09-11,official_release,2026-10-07T16:41:31+08:00,21.9,percent_yoy,https://www.pbc.gov.cn/diaochatongjisi/116219/116225/2847729/index.html,https://www.pbc.gov.cn/diaochatongjisi/116219/116225/2847729/index.html,2010-09-11,"[""release_date_has_official_evidence"", ""seeded_from_frozen_pr13_snapshot""]",
cn_m1,2010-09,2010-09-30,2010-10-13,official_release,2026-10-07T16:41:31+08:00,20.9,percent_yoy,https://www.pbc.gov.cn/diaochatongjisi/116219/116225/2848379/index.html,https://www.pbc.gov.cn/diaochatongjisi/116219/116225/2848379/index.html,2010-10-13,"[""release_date_has_official_evidence"", ""seeded_from_frozen_pr13_snapshot""]",
cn_m1,2010-10,2010-10-31,2010-11-11,official_release,2026-10-07T16:41:31+08:00,22.1,percent_yoy,https://www.pbc.gov.cn/diaochatongjisi/116219/116225/2848848/index.html,https://www.pbc.gov.cn/diaochatongjisi/116219/116225/2848848/index.html,2010-11-11,"[""release_date_has_official_evidence"", ""seeded_from_frozen_pr13_snapshot""]",
cn_m1,2010-11,2010-11-30,2010-12-10,official_release,2026-10-07T16:41:31+08:00,22.1,percent_yoy,https://www.pbc.gov.cn/diaochatongjisi/116219/116225/2849207/index.html,https://www.pbc.gov.cn/diaochatongjisi/116219/116225/2849207/index.html,2010-12-10,"[""release_date_has_official_evidence"", ""seeded_from_frozen_pr13_snapshot""]",
cn_m1,2010-12,2010-12-31,2011-01-11,official_release,2026-10-07T16:41:31+08:00,21.2,percent_yoy,https://www.pbc.gov.cn/diaochatongjisi/116219/116225/2849747/index.html,https://www.pbc.gov.cn/diaochatongjisi/116219/116225/2849747/index.html,2011-01-11,"[""release_date_has_official_evidence"", ""seeded_from_frozen_pr13_snapshot""]",
cn_m1,2011-01,2011-01-31,2011-02-15,official_release,2026-10-07T16:41:31+08:00,13.6,percent_yoy,https://www.pbc.gov.cn/diaochatongjisi/116219/116225/2874087/index.html,https://www.pbc.gov.cn/diaochatongjisi/116219/116225/2874087/index.html,2011-02-15,"[""release_date_has_official_evidence"", ""seeded_from_frozen_pr13_snapshot""]",
cn_m1,2011-02,2011-02-28,2011-03-14,official_release,2026-10-07T16:41:31+08:00,14.5,percent_yoy,https://www.pbc.gov.cn/diaochatongjisi/116219/116225/2850646/index.html,https://www.pbc.gov.cn/diaochatongjisi/116219/116225/2850646/index.html,2011-03-14,"[""release_date_has_official_evidence"", ""seeded_from_frozen_pr13_snapshot""]",
cn_m1,2011-03,2011-03-31,2011-04-14,official_release,2026-10-07T16:41:31+08:00,15.0,percent_yoy,https://www.pbc.gov.cn/diaochatongjisi/116219/116225/2881396/index.html,https://www.pbc.gov.cn/diaochatongjisi/116219/116225/2881396/index.html,2011-04-14,"[""release_date_has_official_evidence"", ""seeded_from_frozen_pr13_snapshot""]",
cn_m1,2011-04,2011-04-30,2011-05-11,official_release,2026-10-07T16:41:31+08:00,12.9,percent_yoy,https://www.pbc.gov.cn/diaochatongjisi/116219/116225/2851582/index.html,https://www.pbc.gov.cn/diaochatongjisi/116219/116225/2851582/index.html,2011-05-11,"[""release_date_has_official_evidence"", ""seeded_from_frozen_pr13_snapshot""]",
cn_m1,2011-05,2011-05-31,2011-06-13,official_release,2026-10-07T16:41:31+08:00,12.7,percent_yoy,https://www.pbc.gov.cn/eportal/fileDir/image_public/UserFiles/goutongjiaoliu/upload/File/2011%E5%B9%B45%E6%9C%88%E9%87%91%E8%9E%8D%E7%BB%9F%E8%AE%A1%E6%95%B0%E6%8D%AE%E6%8A%A5%E5%91%8A%281%29.pdf,https://www.pbc.gov.cn/diaochatongjisi/116219/116225/2852456/index.html,2011-06-13,"[""release_date_has_official_evidence"", ""seeded_from_frozen_pr13_snapshot""]",
cn_m1,2011-06,2011-06-30,2011-07-12,official_release,2026-10-07T16:41:31+08:00,13.1,percent_yoy,https://www.pbc.gov.cn/diaochatongjisi/116219/116225/2889975/index.html,https://www.pbc.gov.cn/diaochatongjisi/116219/116225/2889975/index.html,2011-07-12,"[""release_date_has_official_evidence"", ""seeded_from_frozen_pr13_snapshot""]",
cn_m1,2011-07,2011-07-31,2011-08-12,official_release,2026-10-07T16:41:31+08:00,11.6,percent_yoy,https://www.pbc.gov.cn/diaochatongjisi/116219/116225/2883274/index.html,https://www.pbc.gov.cn/diaochatongjisi/116219/116225/2883274/index.html,2011-08-12,"[""release_date_has_official_evidence"", ""seeded_from_frozen_pr13_snapshot""]",
cn_m1,2011-08,2011-08-31,2011-09-11,official_release,2026-10-07T16:41:31+08:00,11.2,percent_yoy,https://www.pbc.gov.cn/diaochatongjisi/116219/116225/2854577/index.html,https://www.pbc.gov.cn/diaochatongjisi/116219/116225/2854577/index.html,2011-09-11,"[""release_date_has_official_evidence"", ""seeded_from_frozen_pr13_snapshot""]",
cn_m1,2011-09,2011-09-30,2011-10-14,official_release,2026-10-07T16:41:31+08:00,8.9,percent_yoy,https://www.pbc.gov.cn/diaochatongjisi/116219/116225/2874692/index.html,https://www.pbc.gov.cn/diaochatongjisi/116219/116225/2874692/index.html,2011-10-14,"[""release_date_has_official_evidence"", ""seeded_from_frozen_pr13_snapshot""]",
cn_m1,2011-10,2011-10-31,2011-11-11,official_release,2026-10-07T16:41:31+08:00,8.4,percent_yoy,https://www.pbc.gov.cn/diaochatongjisi/116219/116225/2855441/index.html,https://www.pbc.gov.cn/diaochatongjisi/116219/116225/2855441/index.html,2011-11-11,"[""release_date_has_official_evidence"", ""seeded_from_frozen_pr13_snapshot""]",
cn_m1,2011-11,2011-11-30,2011-12-14,official_release,2026-10-07T16:41:31+08:00,7.8,percent_yoy,https://www.pbc.gov.cn/diaochatongjisi/116219/116225/2856168/index.html,https://www.pbc.gov.cn/diaochatongjisi/116219/116225/2856168/index.html,2011-12-14,"[""release_date_has_official_evidence"", ""seeded_from_frozen_pr13_snapshot""]",
cn_m1,2011-12,2011-12-31,2012-01-08,official_release,2026-10-07T16:41:31+08:00,7.9,percent_yoy,https://www.pbc.gov.cn/diaochatongjisi/116219/116225/2878344/index.html,https://www.pbc.gov.cn/diaochatongjisi/116219/116225/2878344/index.html,2012-01-08,"[""release_date_has_official_evidence"", ""seeded_from_frozen_pr13_snapshot""]",
cn_m1,2012-01,2012-01-31,2012-02-10,official_release,2026-10-07T16:41:31+08:00,3.1,percent_yoy,https://www.pbc.gov.cn/diaochatongjisi/116219/116225/2896816/index.html,https://www.pbc.gov.cn/diaochatongjisi/116219/116225/2896816/index.html,2012-02-10,"[""release_date_has_official_evidence"", ""seeded_from_frozen_pr13_snapshot""]",
cn_m1,2012-02,2012-02-29,2012-03-09,official_release,2026-10-07T16:41:31+08:00,4.3,percent_yoy,https://www.pbc.gov.cn/diaochatongjisi/116219/116225/2858795/index.html,https://www.pbc.gov.cn/diaochatongjisi/116219/116225/2858795/index.html,2012-03-09,"[""release_date_has_official_evidence"", ""seeded_from_frozen_pr13_snapshot""]",
cn_m1,2012-03,2012-03-31,2012-04-12,official_release,2026-10-07T16:41:31+08:00,4.4,percent_yoy,https://www.pbc.gov.cn/diaochatongjisi/116219/116225/2859722/index.html,https://www.pbc.gov.cn/diaochatongjisi/116219/116225/2859722/index.html,2012-04-12,"[""release_date_has_official_evidence"", ""seeded_from_frozen_pr13_snapshot""]",
cn_m1,2012-04,2012-04-30,2012-05-11,official_release,2026-10-07T16:41:31+08:00,3.1,percent_yoy,https://www.pbc.gov.cn/diaochatongjisi/116219/116225/2860583/index.html,https://www.pbc.gov.cn/diaochatongjisi/116219/116225/2860583/index.html,2012-05-11,"[""release_date_has_official_evidence"", ""seeded_from_frozen_pr13_snapshot""]",
cn_m1,2012-05,2012-05-31,2012-06-11,official_release,2026-10-07T16:41:31+08:00,3.5,percent_yoy,https://www.pbc.gov.cn/diaochatongjisi/116219/116225/2861237/index.html,https://www.pbc.gov.cn/diaochatongjisi/116219/116225/2861237/index.html,2012-06-11,"[""release_date_has_official_evidence"", ""seeded_from_frozen_pr13_snapshot""]",
cn_m1,2012-06,2012-06-30,2012-07-12,official_release,2026-10-07T16:41:31+08:00,4.7,percent_yoy,https://www.pbc.gov.cn/diaochatongjisi/116219/116225/2862365/index.html,https://www.pbc.gov.cn/diaochatongjisi/116219/116225/2862365/index.html,2012-07-12,"[""release_date_has_official_evidence"", ""seeded_from_frozen_pr13_snapshot""]",
cn_m1,2012-07,2012-07-31,2012-08-10,official_release,2026-10-07T16:41:31+08:00,4.6,percent_yoy,https://www.pbc.gov.cn/diaochatongjisi/116219/116225/2863130/index.html,https://www.pbc.gov.cn/diaochatongjisi/116219/116225/2863130/index.html,2012-08-10,"[""release_date_has_official_evidence"", ""seeded_from_frozen_pr13_snapshot""]",
cn_m1,2012-08,2012-08-31,2012-09-11,official_release,2026-10-07T16:41:31+08:00,4.5,percent_yoy,https://www.pbc.gov.cn/diaochatongjisi/116219/116225/2893557/index.html,https://www.pbc.gov.cn/diaochatongjisi/116219/116225/2893557/index.html,2012-09-11,"[""release_date_has_official_evidence"", ""seeded_from_frozen_pr13_snapshot""]",
cn_m1,2012-09,2012-09-30,2012-10-13,official_release,2026-10-07T16:41:31+08:00,7.3,percent_yoy,https://www.pbc.gov.cn/diaochatongjisi/116219/116225/2863857/index.html,https://www.pbc.gov.cn/diaochatongjisi/116219/116225/2863857/index.html,2012-10-13,"[""release_date_has_official_evidence"", ""seeded_from_frozen_pr13_snapshot""]",
cn_m1,2012-10,2012-10-31,2012-11-12,official_release,2026-10-07T16:41:31+08:00,6.1,percent_yoy,https://www.pbc.gov.cn/diaochatongjisi/116219/116225/2874714/index.html,https://www.pbc.gov.cn/diaochatongjisi/116219/116225/2874714/index.html,2012-11-12,"[""release_date_has_official_evidence"", ""seeded_from_frozen_pr13_snapshot""]",
cn_m1,2012-11,2012-11-30,2012-12-11,official_release,2026-10-07T16:41:31+08:00,5.5,percent_yoy,https://www.pbc.gov.cn/diaochatongjisi/116219/116225/2864861/index.html,https://www.pbc.gov.cn/diaochatongjisi/116219/116225/2864861/index.html,2012-12-11,"[""release_date_has_official_evidence"", ""seeded_from_frozen_pr13_snapshot""]",
cn_m1,2012-12,2012-12-31,2013-01-10,official_release,2026-10-07T16:41:31+08:00,6.5,percent_yoy,https://www.pbc.gov.cn/diaochatongjisi/116219/116225/2873028/index.html,https://www.pbc.gov.cn/diaochatongjisi/116219/116225/2873028/index.html,2013-01-10,"[""release_date_has_official_evidence"", ""seeded_from_frozen_pr13_snapshot""]",
cn_m1,2013-01,2013-01-31,2013-02-08,official_release,2026-10-07T16:41:31+08:00,15.3,percent_yoy,https://www.pbc.gov.cn/diaochatongjisi/116219/116225/2865726/index.html,https://www.pbc.gov.cn/diaochatongjisi/116219/116225/2865726/index.html,2013-02-08,"[""release_date_has_official_evidence"", ""seeded_from_frozen_pr13_snapshot""]",
cn_m1,2013-02,2013-02-28,2013-03-10,official_release,2026-10-07T16:41:31+08:00,9.5,percent_yoy,https://www.pbc.gov.cn/diaochatongjisi/116219/116225/2885261/index.html,https://www.pbc.gov.cn/diaochatongjisi/116219/116225/2885261/index.html,2013-03-10,"[""release_date_has_official_evidence"", ""seeded_from_frozen_pr13_snapshot""]",
cn_m1,2013-03,2013-03-31,2013-04-11,official_release,2026-10-07T16:41:31+08:00,11.9,percent_yoy,https://www.pbc.gov.cn/diaochatongjisi/116219/116225/2866778/index.html,https://www.pbc.gov.cn/diaochatongjisi/116219/116225/2866778/index.html,2013-04-11,"[""release_date_has_official_evidence"", ""seeded_from_frozen_pr13_snapshot""]",
cn_m1,2013-04,2013-04-30,2013-05-10,official_release,2026-10-07T16:41:31+08:00,11.9,percent_yoy,https://www.pbc.gov.cn/diaochatongjisi/116219/116225/2867166/index.html,https://www.pbc.gov.cn/diaochatongjisi/116219/116225/2867166/index.html,2013-05-10,"[""release_date_has_official_evidence"", ""seeded_from_frozen_pr13_snapshot""]",
cn_m1,2013-05,2013-05-31,2013-06-09,official_release,2026-10-07T16:41:31+08:00,11.3,percent_yoy,https://www.pbc.gov.cn/diaochatongjisi/116219/116225/2867742/index.html,https://www.pbc.gov.cn/diaochatongjisi/116219/116225/2867742/index.html,2013-06-09,"[""release_date_has_official_evidence"", ""seeded_from_frozen_pr13_snapshot""]",
cn_m1,2013-06,2013-06-30,2013-07-12,official_release,2026-10-07T16:41:31+08:00,9.1,percent_yoy,https://www.pbc.gov.cn/diaochatongjisi/116219/116225/2868514/index.html,https://www.pbc.gov.cn/diaochatongjisi/116219/116225/2868514/index.html,2013-07-12,"[""release_date_has_official_evidence"", ""seeded_from_frozen_pr13_snapshot""]",
cn_m1,2013-07,2013-07-31,2013-08-09,official_release,2026-10-07T16:41:31+08:00,9.7,percent_yoy,https://www.pbc.gov.cn/diaochatongjisi/116219/116225/2869187/index.html,https://www.pbc.gov.cn/diaochatongjisi/116219/116225/2869187/index.html,2013-08-09,"[""release_date_has_official_evidence"", ""seeded_from_frozen_pr13_snapshot""]",
cn_m1,2013-08,2013-08-31,2013-09-10,official_release,2026-10-07T16:41:31+08:00,9.9,percent_yoy,https://www.pbc.gov.cn/diaochatongjisi/116219/116225/2869794/index.html,https://www.pbc.gov.cn/diaochatongjisi/116219/116225/2869794/index.html,2013-09-10,"[""release_date_has_official_evidence"", ""seeded_from_frozen_pr13_snapshot""]",
cn_m1,2013-09,2013-09-30,2013-10-14,official_release,2026-10-07T16:41:31+08:00,8.9,percent_yoy,https://www.pbc.gov.cn/diaochatongjisi/116219/116225/2870431/index.html,https://www.pbc.gov.cn/diaochatongjisi/116219/116225/2870431/index.html,2013-10-14,"[""release_date_has_official_evidence"", ""seeded_from_frozen_pr13_snapshot""]",
cn_m1,2013-10,2013-10-31,2013-11-11,official_release,2026-10-07T16:41:31+08:00,8.9,percent_yoy,https://www.pbc.gov.cn/diaochatongjisi/116219/116225/2898815/index.html,https://www.pbc.gov.cn/diaochatongjisi/116219/116225/2898815/index.html,2013-11-11,"[""release_date_has_official_evidence"", ""seeded_from_frozen_pr13_snapshot""]",
cn_m1,2013-11,2013-11-30,2013-12-11,official_release,2026-10-07T16:41:31+08:00,9.4,percent_yoy,https://www.pbc.gov.cn/diaochatongjisi/116219/116225/2876727/index.html,https://www.pbc.gov.cn/diaochatongjisi/116219/116225/2876727/index.html,2013-12-11,"[""release_date_has_official_evidence"", ""seeded_from_frozen_pr13_snapshot""]",
cn_m1,2013-12,2013-12-31,2014-01-15,official_release,2026-10-07T16:41:31+08:00,9.3,percent_yoy,https://www.pbc.gov.cn/diaochatongjisi/116219/116225/2878572/index.html,https://www.pbc.gov.cn/diaochatongjisi/116219/116225/2878572/index.html,2014-01-15,"[""release_date_has_official_evidence"", ""seeded_from_frozen_pr13_snapshot""]",
cn_m1,2014-01,2014-01-31,2014-02-15,official_release,2026-10-07T16:41:31+08:00,1.2,percent_yoy,https://www.pbc.gov.cn/diaochatongjisi/116219/116225/2805241/index.html,https://www.pbc.gov.cn/diaochatongjisi/116219/116225/2805241/index.html,2014-02-15,"[""release_date_has_official_evidence"", ""seeded_from_frozen_pr13_snapshot""]",
cn_m1,2014-02,2014-02-28,2014-03-10,official_release,2026-10-07T16:41:31+08:00,6.9,percent_yoy,https://www.pbc.gov.cn/diaochatongjisi/116219/116225/2805549/index.html,https://www.pbc.gov.cn/diaochatongjisi/116219/116225/2805549/index.html,2014-03-10,"[""release_date_has_official_evidence"", ""seeded_from_frozen_pr13_snapshot""]",
cn_m1,2014-03,2014-03-31,2014-04-15,official_release,2026-10-07T16:41:31+08:00,5.4,percent_yoy,https://www.pbc.gov.cn/diaochatongjisi/116219/116225/2806205/index.html,https://www.pbc.gov.cn/diaochatongjisi/116219/116225/2806205/index.html,2014-04-15,"[""release_date_has_official_evidence"", ""seeded_from_frozen_pr13_snapshot""]",
cn_m1,2014-04,2014-04-30,2014-05-12,official_release,2026-10-07T16:41:31+08:00,5.5,percent_yoy,https://www.pbc.gov.cn/diaochatongjisi/116219/116225/2806559/index.html,https://www.pbc.gov.cn/diaochatongjisi/116219/116225/2806559/index.html,2014-05-12,"[""release_date_has_official_evidence"", ""seeded_from_frozen_pr13_snapshot""]",
cn_m1,2014-05,2014-05-31,2014-06-12,official_release,2026-10-07T16:41:31+08:00,5.7,percent_yoy,https://www.pbc.gov.cn/diaochatongjisi/116219/116225/2806928/index.html,https://www.pbc.gov.cn/diaochatongjisi/116219/116225/2806928/index.html,2014-06-12,"[""release_date_has_official_evidence"", ""seeded_from_frozen_pr13_snapshot""]",
cn_m1,2014-06,2014-06-30,2014-07-15,official_release,2026-10-07T16:41:31+08:00,8.9,percent_yoy,https://www.pbc.gov.cn/diaochatongjisi/116219/116225/2807320/index.html,https://www.pbc.gov.cn/diaochatongjisi/116219/116225/2807320/index.html,2014-07-15,"[""release_date_has_official_evidence"", ""seeded_from_frozen_pr13_snapshot""]",
cn_m1,2014-07,2014-07-31,2014-08-13,official_release,2026-10-07T16:41:31+08:00,6.7,percent_yoy,https://www.pbc.gov.cn/diaochatongjisi/116219/116225/2807848/index.html,https://www.pbc.gov.cn/diaochatongjisi/116219/116225/2807848/index.html,2014-08-13,"[""release_date_has_official_evidence"", ""seeded_from_frozen_pr13_snapshot""]",
cn_m1,2014-08,2014-08-31,2014-09-12,official_release,2026-10-07T16:41:31+08:00,5.7,percent_yoy,https://www.pbc.gov.cn/diaochatongjisi/116219/116225/2888833/index.html,https://www.pbc.gov.cn/diaochatongjisi/116219/116225/2888833/index.html,2014-09-12,"[""release_date_has_official_evidence"", ""seeded_from_frozen_pr13_snapshot""]",
cn_m1,2014-09,2014-09-30,2014-10-16,official_release,2026-10-07T16:41:31+08:00,4.8,percent_yoy,https://www.pbc.gov.cn/diaochatongjisi/116219/116225/2808615/index.html,https://www.pbc.gov.cn/diaochatongjisi/116219/116225/2808615/index.html,2014-10-16,"[""release_date_has_official_evidence"", ""seeded_from_frozen_pr13_snapshot""]",
cn_m1,2014-10,2014-10-31,2014-11-14,official_release,2026-10-07T16:41:31+08:00,3.2,percent_yoy,https://www.pbc.gov.cn/diaochatongjisi/116219/116225/2893932/index.html,https://www.pbc.gov.cn/diaochatongjisi/116219/116225/2893932/index.html,2014-11-14,"[""release_date_has_official_evidence"", ""seeded_from_frozen_pr13_snapshot""]",
cn_m1,2014-11,2014-11-30,2014-12-12,official_release,2026-10-07T16:41:31+08:00,3.2,percent_yoy,https://www.pbc.gov.cn/diaochatongjisi/116219/116225/2809586/index.html,https://www.pbc.gov.cn/diaochatongjisi/116219/116225/2809586/index.html,2014-12-12,"[""release_date_has_official_evidence"", ""seeded_from_frozen_pr13_snapshot""]",
cn_m1,2014-12,2014-12-31,2015-01-15,official_release,2026-10-07T16:41:31+08:00,3.2,percent_yoy,https://www.pbc.gov.cn/diaochatongjisi/116219/116225/2810141/index.html,https://www.pbc.gov.cn/diaochatongjisi/116219/116225/2810141/index.html,2015-01-15,"[""release_date_has_official_evidence"", ""seeded_from_frozen_pr13_snapshot""]",
cn_m1,2015-01,2015-01-31,2015-02-13,official_release,2026-10-07T16:41:31+08:00,10.6,percent_yoy,https://www.pbc.gov.cn/diaochatongjisi/116219/116225/2810678/index.html,https://www.pbc.gov.cn/diaochatongjisi/116219/116225/2810678/index.html,2015-02-13,"[""release_date_has_official_evidence"", ""seeded_from_frozen_pr13_snapshot""]",
cn_m1,2015-02,2015-02-28,2015-03-12,official_release,2026-10-07T16:41:31+08:00,5.6,percent_yoy,https://www.pbc.gov.cn/diaochatongjisi/116219/116225/2811006/index.html,https://www.pbc.gov.cn/diaochatongjisi/116219/116225/2811006/index.html,2015-03-12,"[""release_date_has_official_evidence"", ""seeded_from_frozen_pr13_snapshot""]",
cn_m1,2015-03,2015-03-31,2015-04-14,official_release,2026-10-07T16:41:31+08:00,2.9,percent_yoy,https://www.pbc.gov.cn/diaochatongjisi/116219/116225/2811564/index.html,https://www.pbc.gov.cn/diaochatongjisi/116219/116225/2811564/index.html,2015-04-14,"[""release_date_has_official_evidence"", ""seeded_from_frozen_pr13_snapshot""]",
cn_m1,2015-04,2015-04-30,2015-05-13,official_release,2026-10-07T16:41:31+08:00,3.7,percent_yoy,https://www.pbc.gov.cn/diaochatongjisi/116219/116225/2894064/index.html,https://www.pbc.gov.cn/diaochatongjisi/116219/116225/2894064/index.html,2015-05-13,"[""release_date_has_official_evidence"", ""seeded_from_frozen_pr13_snapshot""]",
cn_m1,2015-05,2015-05-31,2015-06-11,official_release,2026-10-07T16:41:31+08:00,4.7,percent_yoy,https://www.pbc.gov.cn/diaochatongjisi/116219/116225/2891052/index.html,https://www.pbc.gov.cn/diaochatongjisi/116219/116225/2891052/index.html,2015-06-11,"[""release_date_has_official_evidence"", ""seeded_from_frozen_pr13_snapshot""]",
cn_m1,2015-06,2015-06-30,2015-07-14,official_release,2026-10-07T16:41:31+08:00,4.3,percent_yoy,https://www.pbc.gov.cn/diaochatongjisi/116219/116225/2892632/index.html,https://www.pbc.gov.cn/diaochatongjisi/116219/116225/2892632/index.html,2015-07-14,"[""release_date_has_official_evidence"", ""seeded_from_frozen_pr13_snapshot""]",
cn_m1,2015-07,2015-07-31,2015-08-11,official_release,2026-10-07T16:41:31+08:00,6.6,percent_yoy,https://www.pbc.gov.cn/diaochatongjisi/116219/116225/5a92528343084e38907dd50681ed571d/index.html,https://www.pbc.gov.cn/diaochatongjisi/116219/116225/5a92528343084e38907dd50681ed571d/index.html,2015-08-11,"[""release_date_has_official_evidence"", ""seeded_from_frozen_pr13_snapshot""]",
cn_m1,2015-08,2015-08-31,2015-09-11,official_release,2026-10-07T16:41:31+08:00,9.3,percent_yoy,https://www.pbc.gov.cn/diaochatongjisi/116219/116225/b2466332f7014dd3bf832bcc1d06ee3f/index.html,https://www.pbc.gov.cn/diaochatongjisi/116219/116225/b2466332f7014dd3bf832bcc1d06ee3f/index.html,2015-09-11,"[""release_date_has_official_evidence"", ""seeded_from_frozen_pr13_snapshot""]",
cn_m1,2015-09,2015-09-30,2015-10-15,official_release,2026-10-07T16:41:31+08:00,11.4,percent_yoy,https://www.pbc.gov.cn/diaochatongjisi/116219/116225/c895d9b39d1a41169bc187b75a283aba/index.html,https://www.pbc.gov.cn/diaochatongjisi/116219/116225/c895d9b39d1a41169bc187b75a283aba/index.html,2015-10-15,"[""release_date_has_official_evidence"", ""seeded_from_frozen_pr13_snapshot""]",
cn_m1,2015-10,2015-10-31,2015-11-12,official_release,2026-10-07T16:41:31+08:00,14.0,percent_yoy,https://www.pbc.gov.cn/diaochatongjisi/116219/116225/f8385792c6b44ab9b396737fdfead3ee/index.html,https://www.pbc.gov.cn/diaochatongjisi/116219/116225/f8385792c6b44ab9b396737fdfead3ee/index.html,2015-11-12,"[""release_date_has_official_evidence"", ""seeded_from_frozen_pr13_snapshot""]",
cn_m1,2015-11,2015-11-30,2015-12-11,official_release,2026-10-07T16:41:31+08:00,15.7,percent_yoy,https://www.pbc.gov.cn/diaochatongjisi/116219/116225/eaa8c83b22bb4532b094b87341a94379/index.html,https://www.pbc.gov.cn/diaochatongjisi/116219/116225/eaa8c83b22bb4532b094b87341a94379/index.html,2015-12-11,"[""release_date_has_official_evidence"", ""seeded_from_frozen_pr13_snapshot""]",
cn_m1,2015-12,2015-12-31,2016-01-15,official_release,2026-10-07T16:41:31+08:00,15.2,percent_yoy,https://www.pbc.gov.cn/diaochatongjisi/116219/116225/97765ac732da497b842c87a46b880718/index.html,https://www.pbc.gov.cn/diaochatongjisi/116219/116225/97765ac732da497b842c87a46b880718/index.html,2016-01-15,"[""release_date_has_official_evidence"", ""seeded_from_frozen_pr13_snapshot""]",
cn_m1,2016-01,2016-01-31,2016-02-16,official_release,2026-10-07T16:41:31+08:00,18.6,percent_yoy,https://www.pbc.gov.cn/diaochatongjisi/116219/116225/fd15709bca7b45b198afc93f55d767a3/index.html,https://www.pbc.gov.cn/diaochatongjisi/116219/116225/fd15709bca7b45b198afc93f55d767a3/index.html,2016-02-16,"[""release_date_has_official_evidence"", ""seeded_from_frozen_pr13_snapshot""]",
cn_m1,2016-02,2016-02-29,2016-03-11,official_release,2026-10-07T16:41:31+08:00,17.4,percent_yoy,https://www.pbc.gov.cn/diaochatongjisi/116219/116225/84e4f6fb07564c45801554e8b8bedd17/index.html,https://www.pbc.gov.cn/diaochatongjisi/116219/116225/84e4f6fb07564c45801554e8b8bedd17/index.html,2016-03-11,"[""release_date_has_official_evidence"", ""seeded_from_frozen_pr13_snapshot""]",
cn_m1,2016-03,2016-03-31,2016-04-15,official_release,2026-10-07T16:41:31+08:00,22.1,percent_yoy,https://www.pbc.gov.cn/diaochatongjisi/116219/116225/b45ddc8ff9aa45e099e30f53c2e1fec5/index.html,https://www.pbc.gov.cn/diaochatongjisi/116219/116225/b45ddc8ff9aa45e099e30f53c2e1fec5/index.html,2016-04-15,"[""release_date_has_official_evidence"", ""seeded_from_frozen_pr13_snapshot""]",
cn_m1,2016-04,2016-04-30,2016-05-13,official_release,2026-10-07T16:41:31+08:00,22.9,percent_yoy,https://www.pbc.gov.cn/diaochatongjisi/116219/116225/bb97dc6a565940eaafd7b79a8ae7e4ef/index.html,https://www.pbc.gov.cn/diaochatongjisi/116219/116225/bb97dc6a565940eaafd7b79a8ae7e4ef/index.html,2016-05-13,"[""release_date_has_official_evidence"", ""seeded_from_frozen_pr13_snapshot""]",
cn_m1,2016-05,2016-05-31,2016-06-15,official_release,2026-10-07T16:41:31+08:00,23.7,percent_yoy,https://www.pbc.gov.cn/diaochatongjisi/116219/116225/0f7a8957d2014b4d86ade7804cfb674c/index.html,https://www.pbc.gov.cn/diaochatongjisi/116219/116225/0f7a8957d2014b4d86ade7804cfb674c/index.html,2016-06-15,"[""release_date_has_official_evidence"", ""seeded_from_frozen_pr13_snapshot""]",
cn_m1,2016-06,2016-06-30,2016-07-15,official_release,2026-10-07T16:41:31+08:00,24.6,percent_yoy,https://www.pbc.gov.cn/diaochatongjisi/116219/116225/53bf0dee2dde44bc92ad9fc15a66f5f7/index.html,https://www.pbc.gov.cn/diaochatongjisi/116219/116225/53bf0dee2dde44bc92ad9fc15a66f5f7/index.html,2016-07-15,"[""release_date_has_official_evidence"", ""seeded_from_frozen_pr13_snapshot""]",
cn_m1,2016-07,2016-07-31,2016-08-12,official_release,2026-10-07T16:41:31+08:00,25.4,percent_yoy,https://www.pbc.gov.cn/diaochatongjisi/116219/116225/188a85c17d2a48ae9733a64831b1f6eb/index.html,https://www.pbc.gov.cn/diaochatongjisi/116219/116225/188a85c17d2a48ae9733a64831b1f6eb/index.html,2016-08-12,"[""release_date_has_official_evidence"", ""seeded_from_frozen_pr13_snapshot""]",
cn_m1,2016-08,2016-08-31,2016-09-14,official_release,2026-10-07T16:41:31+08:00,25.3,percent_yoy,https://www.pbc.gov.cn/diaochatongjisi/116219/116225/75695387a18c4cde885fc539a229eeb6/index.html,https://www.pbc.gov.cn/diaochatongjisi/116219/116225/75695387a18c4cde885fc539a229eeb6/index.html,2016-09-14,"[""release_date_has_official_evidence"", ""seeded_from_frozen_pr13_snapshot""]",
cn_m1,2016-09,2016-09-30,2016-10-18,official_release,2026-10-07T16:41:31+08:00,24.7,percent_yoy,https://www.pbc.gov.cn/diaochatongjisi/116219/116225/bbf60c6997224f89b6060da1b11b7019/index.html,https://www.pbc.gov.cn/diaochatongjisi/116219/116225/bbf60c6997224f89b6060da1b11b7019/index.html,2016-10-18,"[""release_date_has_official_evidence"", ""seeded_from_frozen_pr13_snapshot""]",
cn_m1,2016-10,2016-10-31,2016-11-11,official_release,2026-10-07T16:41:31+08:00,23.9,percent_yoy,https://www.pbc.gov.cn/diaochatongjisi/116219/116225/501826c9a0dc430ea4e6727161b9ec3c/index.html,https://www.pbc.gov.cn/diaochatongjisi/116219/116225/501826c9a0dc430ea4e6727161b9ec3c/index.html,2016-11-11,"[""release_date_has_official_evidence"", ""seeded_from_frozen_pr13_snapshot""]",
cn_m1,2016-11,2016-11-30,2016-12-14,official_release,2026-10-07T16:41:31+08:00,22.7,percent_yoy,https://www.pbc.gov.cn/diaochatongjisi/116219/116225/738510df8fe148b2b6b0569182dbb5f0/index.html,https://www.pbc.gov.cn/diaochatongjisi/116219/116225/738510df8fe148b2b6b0569182dbb5f0/index.html,2016-12-14,"[""release_date_has_official_evidence"", ""seeded_from_frozen_pr13_snapshot""]",
cn_m1,2016-12,2016-12-31,2017-01-12,official_release,2026-10-07T16:41:31+08:00,21.4,percent_yoy,https://www.pbc.gov.cn/diaochatongjisi/116219/116225/feba94fde88948c7ab01231513a3474a/index.html,https://www.pbc.gov.cn/diaochatongjisi/116219/116225/feba94fde88948c7ab01231513a3474a/index.html,2017-01-12,"[""release_date_has_official_evidence"", ""seeded_from_frozen_pr13_snapshot""]",
cn_m1,2017-01,2017-01-31,2017-02-14,official_release,2026-10-07T16:41:31+08:00,14.5,percent_yoy,https://www.pbc.gov.cn/diaochatongjisi/116219/116225/cda81530f91d43e196443fea525f6ee6/index.html,https://www.pbc.gov.cn/diaochatongjisi/116219/116225/cda81530f91d43e196443fea525f6ee6/index.html,2017-02-14,"[""release_date_has_official_evidence"", ""seeded_from_frozen_pr13_snapshot""]",
cn_m1,2017-02,2017-02-28,2017-03-09,official_release,2026-10-07T16:41:31+08:00,21.4,percent_yoy,https://www.pbc.gov.cn/diaochatongjisi/116219/116225/f978835f25cb4db4989a06d440b24024/index.html,https://www.pbc.gov.cn/diaochatongjisi/116219/116225/f978835f25cb4db4989a06d440b24024/index.html,2017-03-09,"[""release_date_has_official_evidence"", ""seeded_from_frozen_pr13_snapshot""]",
cn_m1,2017-03,2017-03-31,2017-04-14,official_release,2026-10-07T16:41:31+08:00,18.8,percent_yoy,https://www.pbc.gov.cn/diaochatongjisi/116219/116225/af0619cb0d1a4792af0e931de337624c/index.html,https://www.pbc.gov.cn/diaochatongjisi/116219/116225/af0619cb0d1a4792af0e931de337624c/index.html,2017-04-14,"[""release_date_has_official_evidence"", ""seeded_from_frozen_pr13_snapshot""]",
cn_m1,2017-04,2017-04-30,2017-05-12,official_release,2026-10-07T16:41:31+08:00,18.5,percent_yoy,https://www.pbc.gov.cn/diaochatongjisi/116219/116225/c6b44abc02814295804d2fc8711405cd/index.html,https://www.pbc.gov.cn/diaochatongjisi/116219/116225/c6b44abc02814295804d2fc8711405cd/index.html,2017-05-12,"[""release_date_has_official_evidence"", ""seeded_from_frozen_pr13_snapshot""]",
cn_m1,2017-05,2017-05-31,2017-06-14,official_release,2026-10-07T16:41:31+08:00,17.0,percent_yoy,https://www.pbc.gov.cn/diaochatongjisi/116219/116225/85720f7f8a494fdebbaa559d4a8ecee7/index.html,https://www.pbc.gov.cn/diaochatongjisi/116219/116225/85720f7f8a494fdebbaa559d4a8ecee7/index.html,2017-06-14,"[""release_date_has_official_evidence"", ""seeded_from_frozen_pr13_snapshot""]",
cn_m1,2017-06,2017-06-30,2017-07-12,official_release,2026-10-07T16:41:31+08:00,15.0,percent_yoy,https://www.pbc.gov.cn/diaochatongjisi/116219/116225/917804053156427bb9761665610bd953/index.html,https://www.pbc.gov.cn/diaochatongjisi/116219/116225/917804053156427bb9761665610bd953/index.html,2017-07-12,"[""release_date_has_official_evidence"", ""seeded_from_frozen_pr13_snapshot""]",
cn_m1,2017-07,2017-07-31,2017-08-15,official_release,2026-10-07T16:41:31+08:00,15.3,percent_yoy,https://www.pbc.gov.cn/diaochatongjisi/116219/116225/9c32c734b7b747f6a50fa698a8b17def/index.html,https://www.pbc.gov.cn/diaochatongjisi/116219/116225/9c32c734b7b747f6a50fa698a8b17def/index.html,2017-08-15,"[""release_date_has_official_evidence"", ""seeded_from_frozen_pr13_snapshot""]",
cn_m1,2017-08,2017-08-31,2017-09-15,official_release,2026-10-07T16:41:31+08:00,14.0,percent_yoy,https://www.pbc.gov.cn/diaochatongjisi/116219/116225/ccd145c8b07f44fb8b8997f3e1e18582/index.html,https://www.pbc.gov.cn/diaochatongjisi/116219/116225/ccd145c8b07f44fb8b8997f3e1e18582/index.html,2017-09-15,"[""release_date_has_official_evidence"", ""seeded_from_frozen_pr13_snapshot""]",
cn_m1,2017-09,2017-09-30,2017-10-14,official_release,2026-10-07T16:41:31+08:00,14.0,percent_yoy,https://www.pbc.gov.cn/diaochatongjisi/116219/116225/7bdaf576415141cb8e6ff35588ef4e32/index.html,https://www.pbc.gov.cn/diaochatongjisi/116219/116225/7bdaf576415141cb8e6ff35588ef4e32/index.html,2017-10-14,"[""release_date_has_official_evidence"", ""seeded_from_frozen_pr13_snapshot""]",
cn_m1,2017-10,2017-10-31,2017-11-13,official_release,2026-10-07T16:41:31+08:00,13.0,percent_yoy,https://www.pbc.gov.cn/diaochatongjisi/116219/116225/b32a2ebb92874688b7de59996bc6ee35/index.html,https://www.pbc.gov.cn/diaochatongjisi/116219/116225/b32a2ebb92874688b7de59996bc6ee35/index.html,2017-11-13,"[""release_date_has_official_evidence"", ""seeded_from_frozen_pr13_snapshot""]",
cn_m1,2017-11,2017-11-30,2017-12-11,official_release,2026-10-07T16:41:31+08:00,12.7,percent_yoy,https://www.pbc.gov.cn/diaochatongjisi/116219/116225/a83a5cac782641dca7891f117d73f4e8/index.html,https://www.pbc.gov.cn/diaochatongjisi/116219/116225/a83a5cac782641dca7891f117d73f4e8/index.html,2017-12-11,"[""release_date_has_official_evidence"", ""seeded_from_frozen_pr13_snapshot""]",
cn_m1,2017-12,2017-12-31,2018-01-12,official_release,2026-10-07T16:41:31+08:00,11.8,percent_yoy,https://www.pbc.gov.cn/diaochatongjisi/116219/116225/7511420fe1454c46807f7f5d9069cc3c/index.html,https://www.pbc.gov.cn/diaochatongjisi/116219/116225/7511420fe1454c46807f7f5d9069cc3c/index.html,2018-01-12,"[""release_date_has_official_evidence"", ""seeded_from_frozen_pr13_snapshot""]",
cn_m1,2018-01,2018-01-31,2018-02-12,official_release,2026-10-07T16:41:31+08:00,15.0,percent_yoy,https://www.pbc.gov.cn/diaochatongjisi/116219/116225/2d146cf183ff478b87eadfc421492f08/index.html,https://www.pbc.gov.cn/diaochatongjisi/116219/116225/2d146cf183ff478b87eadfc421492f08/index.html,2018-02-12,"[""release_date_has_official_evidence"", ""seeded_from_frozen_pr13_snapshot""]",
cn_m1,2018-02,2018-02-28,2018-03-09,official_release,2026-10-07T16:41:31+08:00,8.5,percent_yoy,https://www.pbc.gov.cn/diaochatongjisi/116219/116225/6c4d7eb51e044d8692eda435db7c8607/index.html,https://www.pbc.gov.cn/diaochatongjisi/116219/116225/6c4d7eb51e044d8692eda435db7c8607/index.html,2018-03-09,"[""release_date_has_official_evidence"", ""seeded_from_frozen_pr13_snapshot""]",
cn_m1,2018-03,2018-03-31,2018-04-13,official_release,2026-10-07T16:41:31+08:00,7.1,percent_yoy,https://www.pbc.gov.cn/diaochatongjisi/116219/116225/872aa7e9309d457ebc320681dac0b60b/index.html,https://www.pbc.gov.cn/diaochatongjisi/116219/116225/872aa7e9309d457ebc320681dac0b60b/index.html,2018-04-13,"[""release_date_has_official_evidence"", ""seeded_from_frozen_pr13_snapshot""]",
cn_m1,2018-04,2018-04-30,2018-05-11,official_release,2026-10-07T16:41:31+08:00,7.2,percent_yoy,https://www.pbc.gov.cn/diaochatongjisi/116219/116225/5b38d6d862a8427fb2fc3f26a32782eb/index.html,https://www.pbc.gov.cn/diaochatongjisi/116219/116225/5b38d6d862a8427fb2fc3f26a32782eb/index.html,2018-05-11,"[""release_date_has_official_evidence"", ""seeded_from_frozen_pr13_snapshot""]",
cn_m1,2018-05,2018-05-31,2018-06-12,official_release,2026-10-07T16:41:31+08:00,6.0,percent_yoy,https://www.pbc.gov.cn/diaochatongjisi/116219/116225/39c40d9801fe43baad09db4d64a3cc30/index.html,https://www.pbc.gov.cn/diaochatongjisi/116219/116225/39c40d9801fe43baad09db4d64a3cc30/index.html,2018-06-12,"[""release_date_has_official_evidence"", ""seeded_from_frozen_pr13_snapshot""]",
cn_m1,2018-06,2018-06-30,2018-07-13,official_release,2026-10-07T16:41:31+08:00,6.6,percent_yoy,https://www.pbc.gov.cn/diaochatongjisi/116219/116225/cdd9152e7bd74c1aab063631da872b44/index.html,https://www.pbc.gov.cn/diaochatongjisi/116219/116225/cdd9152e7bd74c1aab063631da872b44/index.html,2018-07-13,"[""release_date_has_official_evidence"", ""seeded_from_frozen_pr13_snapshot""]",
cn_m1,2018-07,2018-07-31,2018-08-13,official_release,2026-10-07T16:41:31+08:00,5.1,percent_yoy,https://www.pbc.gov.cn/diaochatongjisi/116219/116225/2d8fe4cbe89d4ac5b57580bf88d95bad/index.html,https://www.pbc.gov.cn/diaochatongjisi/116219/116225/2d8fe4cbe89d4ac5b57580bf88d95bad/index.html,2018-08-13,"[""release_date_has_official_evidence"", ""seeded_from_frozen_pr13_snapshot""]",
cn_m1,2018-08,2018-08-31,2018-09-12,official_release,2026-10-07T16:41:31+08:00,3.9,percent_yoy,https://www.pbc.gov.cn/diaochatongjisi/116219/116225/7d686194c5ac49f185ae51c92a1aa5d1/index.html,https://www.pbc.gov.cn/diaochatongjisi/116219/116225/7d686194c5ac49f185ae51c92a1aa5d1/index.html,2018-09-12,"[""release_date_has_official_evidence"", ""seeded_from_frozen_pr13_snapshot""]",
cn_m1,2018-09,2018-09-30,2018-10-17,official_release,2026-10-07T16:41:31+08:00,4.0,percent_yoy,https://www.pbc.gov.cn/diaochatongjisi/116219/116225/09b04ac75bfe45d38ade1e9b6bd317f6/index.html,https://www.pbc.gov.cn/diaochatongjisi/116219/116225/09b04ac75bfe45d38ade1e9b6bd317f6/index.html,2018-10-17,"[""release_date_has_official_evidence"", ""seeded_from_frozen_pr13_snapshot""]",
cn_m1,2018-10,2018-10-31,2018-11-13,official_release,2026-10-07T16:41:31+08:00,2.7,percent_yoy,https://www.pbc.gov.cn/diaochatongjisi/116219/116225/a7a07c14c5f74fe5be63ee840998373e/index.html,https://www.pbc.gov.cn/diaochatongjisi/116219/116225/a7a07c14c5f74fe5be63ee840998373e/index.html,2018-11-13,"[""release_date_has_official_evidence"", ""seeded_from_frozen_pr13_snapshot""]",
cn_m1,2018-11,2018-11-30,2018-12-11,official_release,2026-10-07T16:41:31+08:00,1.5,percent_yoy,https://www.pbc.gov.cn/diaochatongjisi/116219/116225/4e38e25701764e6f93623ccd43e02824/index.html,https://www.pbc.gov.cn/diaochatongjisi/116219/116225/4e38e25701764e6f93623ccd43e02824/index.html,2018-12-11,"[""release_date_has_official_evidence"", ""seeded_from_frozen_pr13_snapshot""]",
cn_m1,2018-12,2018-12-31,2019-01-15,official_release,2026-10-07T16:41:31+08:00,1.5,percent_yoy,https://www.pbc.gov.cn/diaochatongjisi/116219/116225/370befa3ce2042dfbc414b74f3b397b7/index.html,https://www.pbc.gov.cn/diaochatongjisi/116219/116225/370befa3ce2042dfbc414b74f3b397b7/index.html,2019-01-15,"[""release_date_has_official_evidence"", ""seeded_from_frozen_pr13_snapshot""]",
cn_m1,2019-01,2019-01-31,2019-02-15,official_release,2026-10-07T16:41:31+08:00,0.4,percent_yoy,https://www.pbc.gov.cn/diaochatongjisi/116219/116225/7edf9df774a54075bbe1ee1a2668d2de/index.html,https://www.pbc.gov.cn/diaochatongjisi/116219/116225/7edf9df774a54075bbe1ee1a2668d2de/index.html,2019-02-15,"[""release_date_has_official_evidence"", ""seeded_from_frozen_pr13_snapshot""]",
cn_m1,2019-02,2019-02-28,2019-03-10,official_release,2026-10-07T16:41:31+08:00,2.0,percent_yoy,https://www.pbc.gov.cn/diaochatongjisi/116219/116225/2e1a6b1acada49c1a209632913dd7372/index.html,https://www.pbc.gov.cn/diaochatongjisi/116219/116225/2e1a6b1acada49c1a209632913dd7372/index.html,2019-03-10,"[""release_date_has_official_evidence"", ""seeded_from_frozen_pr13_snapshot""]",
cn_m1,2019-03,2019-03-31,2019-04-12,official_release,2026-10-07T16:41:31+08:00,4.6,percent_yoy,https://www.pbc.gov.cn/diaochatongjisi/116219/116225/4818fd3dab79452b88397496fdd6798f/index.html,https://www.pbc.gov.cn/diaochatongjisi/116219/116225/4818fd3dab79452b88397496fdd6798f/index.html,2019-04-12,"[""release_date_has_official_evidence"", ""seeded_from_frozen_pr13_snapshot""]",
cn_m1,2019-04,2019-04-30,2019-05-09,official_release,2026-10-07T16:41:31+08:00,2.9,percent_yoy,https://www.pbc.gov.cn/diaochatongjisi/116219/116225/3c2f9ef3241c41d08397b3b59249a315/index.html,https://www.pbc.gov.cn/diaochatongjisi/116219/116225/3c2f9ef3241c41d08397b3b59249a315/index.html,2019-05-09,"[""release_date_has_official_evidence"", ""seeded_from_frozen_pr13_snapshot""]",
cn_m1,2019-05,2019-05-31,2019-06-12,official_release,2026-10-07T16:41:31+08:00,3.4,percent_yoy,https://www.pbc.gov.cn/diaochatongjisi/116219/116225/2edf6db10c484ffdb80a7ea24103f619/index.html,https://www.pbc.gov.cn/diaochatongjisi/116219/116225/2edf6db10c484ffdb80a7ea24103f619/index.html,2019-06-12,"[""release_date_has_official_evidence"", ""seeded_from_frozen_pr13_snapshot""]",
cn_m1,2019-06,2019-06-30,2019-07-12,official_release,2026-10-07T16:41:31+08:00,4.4,percent_yoy,https://www.pbc.gov.cn/diaochatongjisi/116219/116225/36f1df21079a43a9aa55ed47470fee39/index.html,https://www.pbc.gov.cn/diaochatongjisi/116219/116225/36f1df21079a43a9aa55ed47470fee39/index.html,2019-07-12,"[""release_date_has_official_evidence"", ""seeded_from_frozen_pr13_snapshot""]",
cn_m1,2019-07,2019-07-31,2019-08-12,official_release,2026-10-07T16:41:31+08:00,3.1,percent_yoy,https://www.pbc.gov.cn/diaochatongjisi/116219/116225/f1bf08eb3d234190b8f5bbfda7e849c0/index.html,https://www.pbc.gov.cn/diaochatongjisi/116219/116225/f1bf08eb3d234190b8f5bbfda7e849c0/index.html,2019-08-12,"[""release_date_has_official_evidence"", ""seeded_from_frozen_pr13_snapshot""]",
cn_m1,2019-08,2019-08-31,2019-09-11,official_release,2026-10-07T16:41:31+08:00,3.4,percent_yoy,https://www.pbc.gov.cn/diaochatongjisi/116219/116225/65f03fdfd3e848079dc5744d3e350433/index.html,https://www.pbc.gov.cn/diaochatongjisi/116219/116225/65f03fdfd3e848079dc5744d3e350433/index.html,2019-09-11,"[""release_date_has_official_evidence"", ""seeded_from_frozen_pr13_snapshot""]",
cn_m1,2019-09,2019-09-30,2019-10-15,official_release,2026-10-07T16:41:31+08:00,3.4,percent_yoy,https://www.pbc.gov.cn/diaochatongjisi/116219/116225/82d281896ed54b3f8df03a039330b997/index.html,https://www.pbc.gov.cn/diaochatongjisi/116219/116225/82d281896ed54b3f8df03a039330b997/index.html,2019-10-15,"[""release_date_has_official_evidence"", ""seeded_from_frozen_pr13_snapshot""]",
cn_m1,2019-10,2019-10-31,2019-11-11,official_release,2026-10-07T16:41:31+08:00,3.3,percent_yoy,https://www.pbc.gov.cn/diaochatongjisi/116219/116225/78851d4253ca4d19897561bd76da04cf/index.html,https://www.pbc.gov.cn/diaochatongjisi/116219/116225/78851d4253ca4d19897561bd76da04cf/index.html,2019-11-11,"[""release_date_has_official_evidence"", ""seeded_from_frozen_pr13_snapshot""]",
cn_m1,2019-11,2019-11-30,2019-12-10,official_release,2026-10-07T16:41:31+08:00,3.5,percent_yoy,https://www.pbc.gov.cn/diaochatongjisi/116219/116225/ad8855023c7a444c9b0ca7a1aeee9d45/index.html,https://www.pbc.gov.cn/diaochatongjisi/116219/116225/ad8855023c7a444c9b0ca7a1aeee9d45/index.html,2019-12-10,"[""release_date_has_official_evidence"", ""seeded_from_frozen_pr13_snapshot""]",
cn_m1,2019-12,2019-12-31,2020-01-16,official_release,2026-10-07T16:41:31+08:00,4.4,percent_yoy,https://www.pbc.gov.cn/diaochatongjisi/116219/116225/e5420050caef4bd194d3493587f1ccf3/index.html,https://www.pbc.gov.cn/diaochatongjisi/116219/116225/e5420050caef4bd194d3493587f1ccf3/index.html,2020-01-16,"[""release_date_has_official_evidence"", ""seeded_from_frozen_pr13_snapshot""]",
cn_m1,2020-01,2020-01-31,2020-02-20,official_release,2026-10-07T16:41:31+08:00,0.0,percent_yoy,https://www.pbc.gov.cn/diaochatongjisi/116219/116225/bcd66ffee22c4102b3e569236b67b5cc/index.html,https://www.pbc.gov.cn/diaochatongjisi/116219/116225/bcd66ffee22c4102b3e569236b67b5cc/index.html,2020-02-20,"[""release_date_has_official_evidence"", ""seeded_from_frozen_pr13_snapshot""]",
cn_m1,2020-02,2020-02-29,2020-03-11,official_release,2026-10-07T16:41:31+08:00,4.8,percent_yoy,https://www.pbc.gov.cn/diaochatongjisi/116219/116225/1a0947afef2f41a2afb51524ae22f906/index.html,https://www.pbc.gov.cn/diaochatongjisi/116219/116225/1a0947afef2f41a2afb51524ae22f906/index.html,2020-03-11,"[""release_date_has_official_evidence"", ""seeded_from_frozen_pr13_snapshot""]",
cn_m1,2020-03,2020-03-31,2020-04-10,official_release,2026-10-07T16:41:31+08:00,5.0,percent_yoy,https://www.pbc.gov.cn/diaochatongjisi/116219/116225/6dfb6fe26fd54d899c70f0f6c1ed48ea/index.html,https://www.pbc.gov.cn/diaochatongjisi/116219/116225/6dfb6fe26fd54d899c70f0f6c1ed48ea/index.html,2020-04-10,"[""release_date_has_official_evidence"", ""seeded_from_frozen_pr13_snapshot""]",
cn_m1,2020-04,2020-04-30,2020-05-11,official_release,2026-10-07T16:41:31+08:00,5.5,percent_yoy,https://www.pbc.gov.cn/diaochatongjisi/116219/116225/1ef2894f7ccc4118aeee124111981627/index.html,https://www.pbc.gov.cn/diaochatongjisi/116219/116225/1ef2894f7ccc4118aeee124111981627/index.html,2020-05-11,"[""release_date_has_official_evidence"", ""seeded_from_frozen_pr13_snapshot""]",
cn_m1,2020-05,2020-05-31,2020-06-10,official_release,2026-10-07T16:41:31+08:00,6.8,percent_yoy,https://www.pbc.gov.cn/diaochatongjisi/116219/116225/56bb60fda9174fbc80cf77211059ee44/index.html,https://www.pbc.gov.cn/diaochatongjisi/116219/116225/56bb60fda9174fbc80cf77211059ee44/index.html,2020-06-10,"[""release_date_has_official_evidence"", ""seeded_from_frozen_pr13_snapshot""]",
cn_m1,2020-06,2020-06-30,2020-07-10,official_release,2026-10-07T16:41:31+08:00,6.5,percent_yoy,https://www.pbc.gov.cn/diaochatongjisi/116219/116225/6fe260e946354c69b176d7084eea7796/index.html,https://www.pbc.gov.cn/diaochatongjisi/116219/116225/6fe260e946354c69b176d7084eea7796/index.html,2020-07-10,"[""release_date_has_official_evidence"", ""seeded_from_frozen_pr13_snapshot""]",
cn_m1,2020-07,2020-07-31,2020-08-11,official_release,2026-10-07T16:41:31+08:00,6.9,percent_yoy,https://www.pbc.gov.cn/diaochatongjisi/116219/116225/99867bfaedbb47c9bd96e0c8f183d638/index.html,https://www.pbc.gov.cn/diaochatongjisi/116219/116225/99867bfaedbb47c9bd96e0c8f183d638/index.html,2020-08-11,"[""release_date_has_official_evidence"", ""seeded_from_frozen_pr13_snapshot""]",
cn_m1,2020-08,2020-08-31,2020-09-11,official_release,2026-10-07T16:41:31+08:00,8.0,percent_yoy,https://www.pbc.gov.cn/diaochatongjisi/116219/116225/be8e91f117384eac8934a50d21a75e42/index.html,https://www.pbc.gov.cn/diaochatongjisi/116219/116225/be8e91f117384eac8934a50d21a75e42/index.html,2020-09-11,"[""release_date_has_official_evidence"", ""seeded_from_frozen_pr13_snapshot""]",
cn_m1,2020-09,2020-09-30,2020-10-14,official_release,2026-10-07T16:41:31+08:00,8.1,percent_yoy,https://www.pbc.gov.cn/diaochatongjisi/116219/116225/60a7ef6a806541ad96758ac95370721e/index.html,https://www.pbc.gov.cn/diaochatongjisi/116219/116225/60a7ef6a806541ad96758ac95370721e/index.html,2020-10-14,"[""release_date_has_official_evidence"", ""seeded_from_frozen_pr13_snapshot""]",
cn_m1,2020-10,2020-10-31,2020-11-11,official_release,2026-10-07T16:41:31+08:00,9.1,percent_yoy,https://www.pbc.gov.cn/diaochatongjisi/116219/116225/79a87e151d864ee6925342d92eaedd7e/index.html,https://www.pbc.gov.cn/diaochatongjisi/116219/116225/79a87e151d864ee6925342d92eaedd7e/index.html,2020-11-11,"[""release_date_has_official_evidence"", ""seeded_from_frozen_pr13_snapshot""]",
cn_m1,2020-11,2020-11-30,2020-12-09,official_release,2026-10-07T16:41:31+08:00,10.0,percent_yoy,https://www.pbc.gov.cn/diaochatongjisi/116219/116225/72cffad8b2fa4a3898c88321bfe06908/index.html,https://www.pbc.gov.cn/diaochatongjisi/116219/116225/72cffad8b2fa4a3898c88321bfe06908/index.html,2020-12-09,"[""release_date_has_official_evidence"", ""seeded_from_frozen_pr13_snapshot""]",
cn_m1,2020-12,2020-12-31,2021-01-12,official_release,2026-10-07T16:41:31+08:00,8.6,percent_yoy,https://www.pbc.gov.cn/diaochatongjisi/116219/116225/f67a498ba4df43bdbc4cc3053c6bc168/index.html,https://www.pbc.gov.cn/diaochatongjisi/116219/116225/f67a498ba4df43bdbc4cc3053c6bc168/index.html,2021-01-12,"[""release_date_has_official_evidence"", ""seeded_from_frozen_pr13_snapshot""]",
cn_m1,2021-01,2021-01-31,2021-02-09,official_release,2026-10-07T16:41:31+08:00,14.7,percent_yoy,https://www.pbc.gov.cn/diaochatongjisi/116219/116225/de29861e7a2848368ce269dfc31e6be6/index.html,https://www.pbc.gov.cn/diaochatongjisi/116219/116225/de29861e7a2848368ce269dfc31e6be6/index.html,2021-02-09,"[""release_date_has_official_evidence"", ""seeded_from_frozen_pr13_snapshot""]",
cn_m1,2021-02,2021-02-28,2021-03-10,official_release,2026-10-07T16:41:31+08:00,7.4,percent_yoy,https://www.pbc.gov.cn/diaochatongjisi/116219/116225/e8f0ed951dcb44aca265fb31ff7eeff6/index.html,https://www.pbc.gov.cn/diaochatongjisi/116219/116225/e8f0ed951dcb44aca265fb31ff7eeff6/index.html,2021-03-10,"[""release_date_has_official_evidence"", ""seeded_from_frozen_pr13_snapshot""]",
cn_m1,2021-03,2021-03-31,2021-04-12,official_release,2026-10-07T16:41:31+08:00,7.1,percent_yoy,https://www.pbc.gov.cn/diaochatongjisi/116219/116225/565787bbb7074e018bdee0080de52024/index.html,https://www.pbc.gov.cn/diaochatongjisi/116219/116225/565787bbb7074e018bdee0080de52024/index.html,2021-04-12,"[""release_date_has_official_evidence"", ""seeded_from_frozen_pr13_snapshot""]",
cn_m1,2021-04,2021-04-30,2021-05-12,official_release,2026-10-07T16:41:31+08:00,6.2,percent_yoy,https://www.pbc.gov.cn/diaochatongjisi/116219/116225/11a114b756b34c2dbf62b7ccebf6f8a9/index.html,https://www.pbc.gov.cn/diaochatongjisi/116219/116225/11a114b756b34c2dbf62b7ccebf6f8a9/index.html,2021-05-12,"[""release_date_has_official_evidence"", ""seeded_from_frozen_pr13_snapshot""]",
cn_m1,2021-05,2021-05-31,2021-06-10,official_release,2026-10-07T16:41:31+08:00,6.1,percent_yoy,https://www.pbc.gov.cn/diaochatongjisi/116219/116225/8547a25bf7384b908b4679dd352cee24/index.html,https://www.pbc.gov.cn/diaochatongjisi/116219/116225/8547a25bf7384b908b4679dd352cee24/index.html,2021-06-10,"[""release_date_has_official_evidence"", ""seeded_from_frozen_pr13_snapshot""]",
cn_m1,2021-06,2021-06-30,2021-07-09,official_release,2026-10-07T16:41:31+08:00,5.5,percent_yoy,https://www.pbc.gov.cn/diaochatongjisi/116219/116225/d3af357ad35b4fb78426c435987af0aa/index.html,https://www.pbc.gov.cn/diaochatongjisi/116219/116225/d3af357ad35b4fb78426c435987af0aa/index.html,2021-07-09,"[""release_date_has_official_evidence"", ""seeded_from_frozen_pr13_snapshot""]",
cn_m1,2021-07,2021-07-31,2021-08-11,official_release,2026-10-07T16:41:31+08:00,4.9,percent_yoy,https://www.pbc.gov.cn/diaochatongjisi/116219/116225/cbf663c7555049f291d3f8e0e2bae83f/index.html,https://www.pbc.gov.cn/diaochatongjisi/116219/116225/cbf663c7555049f291d3f8e0e2bae83f/index.html,2021-08-11,"[""release_date_has_official_evidence"", ""seeded_from_frozen_pr13_snapshot""]",
cn_m1,2021-08,2021-08-31,2021-09-10,official_release,2026-10-07T16:41:31+08:00,4.2,percent_yoy,https://www.pbc.gov.cn/diaochatongjisi/116219/116225/6ad95be1e9524d7f857544a295f07c82/index.html,https://www.pbc.gov.cn/diaochatongjisi/116219/116225/6ad95be1e9524d7f857544a295f07c82/index.html,2021-09-10,"[""release_date_has_official_evidence"", ""seeded_from_frozen_pr13_snapshot""]",
cn_m1,2021-09,2021-09-30,2021-10-13,official_release,2026-10-07T16:41:31+08:00,3.7,percent_yoy,https://www.pbc.gov.cn/diaochatongjisi/116219/116225/4eb6a532bbe14e14924f09dac64d6d0e/index.html,https://www.pbc.gov.cn/diaochatongjisi/116219/116225/4eb6a532bbe14e14924f09dac64d6d0e/index.html,2021-10-13,"[""release_date_has_official_evidence"", ""seeded_from_frozen_pr13_snapshot""]",
cn_m1,2021-10,2021-10-31,2021-11-10,official_release,2026-10-07T16:41:31+08:00,2.8,percent_yoy,https://www.pbc.gov.cn/diaochatongjisi/116219/116225/49c49e1c0f3945a58821af20b1d49e7b/index.html,https://www.pbc.gov.cn/diaochatongjisi/116219/116225/49c49e1c0f3945a58821af20b1d49e7b/index.html,2021-11-10,"[""release_date_has_official_evidence"", ""seeded_from_frozen_pr13_snapshot""]",
cn_m1,2021-11,2021-11-30,2021-12-09,official_release,2026-10-07T16:41:31+08:00,3.0,percent_yoy,https://www.pbc.gov.cn/diaochatongjisi/116219/116225/28034b83163d40d2bf5aacb2112e2062/index.html,https://www.pbc.gov.cn/diaochatongjisi/116219/116225/28034b83163d40d2bf5aacb2112e2062/index.html,2021-12-09,"[""release_date_has_official_evidence"", ""seeded_from_frozen_pr13_snapshot""]",
cn_m1,2021-12,2021-12-31,2022-01-12,official_release,2026-10-07T16:41:31+08:00,3.5,percent_yoy,https://www.pbc.gov.cn/diaochatongjisi/116219/116225/216996c140a74b30a2595ec8a8f58ce3/index.html,https://www.pbc.gov.cn/diaochatongjisi/116219/116225/216996c140a74b30a2595ec8a8f58ce3/index.html,2022-01-12,"[""release_date_has_official_evidence"", ""seeded_from_frozen_pr13_snapshot""]",
cn_m1,2022-01,2022-01-31,2022-02-10,official_release,2026-10-07T16:41:31+08:00,-1.9,percent_yoy,https://www.pbc.gov.cn/diaochatongjisi/116219/116225/03855a5cd8494b8fa37f81b058a844fd/index.html,https://www.pbc.gov.cn/diaochatongjisi/116219/116225/03855a5cd8494b8fa37f81b058a844fd/index.html,2022-02-10,"[""release_date_has_official_evidence"", ""seeded_from_frozen_pr13_snapshot""]",
cn_m1,2022-02,2022-02-28,2022-03-11,official_release,2026-10-07T16:41:31+08:00,4.7,percent_yoy,https://www.pbc.gov.cn/diaochatongjisi/116219/116225/f8157ada86814e82a99d8629e07e0cba/index.html,https://www.pbc.gov.cn/diaochatongjisi/116219/116225/f8157ada86814e82a99d8629e07e0cba/index.html,2022-03-11,"[""release_date_has_official_evidence"", ""seeded_from_frozen_pr13_snapshot""]",
cn_m1,2022-03,2022-03-31,2022-04-11,official_release,2026-10-07T16:41:31+08:00,4.7,percent_yoy,https://www.pbc.gov.cn/diaochatongjisi/116219/116225/b120f9b0d55f4bf995f9b77bcce41757/index.html,https://www.pbc.gov.cn/diaochatongjisi/116219/116225/b120f9b0d55f4bf995f9b77bcce41757/index.html,2022-04-11,"[""release_date_has_official_evidence"", ""seeded_from_frozen_pr13_snapshot""]",
cn_m1,2022-04,2022-04-30,2022-05-13,official_release,2026-10-07T16:41:31+08:00,5.1,percent_yoy,https://www.pbc.gov.cn/diaochatongjisi/116219/116225/356bd109230b48ae9013b790520a3425/index.html,https://www.pbc.gov.cn/diaochatongjisi/116219/116225/356bd109230b48ae9013b790520a3425/index.html,2022-05-13,"[""release_date_has_official_evidence"", ""seeded_from_frozen_pr13_snapshot""]",
cn_m1,2022-05,2022-05-31,2022-06-10,official_release,2026-10-07T16:41:31+08:00,4.6,percent_yoy,https://www.pbc.gov.cn/diaochatongjisi/116219/116225/adc58e98876a43ac8f9a3f3ae9020178/index.html,https://www.pbc.gov.cn/diaochatongjisi/116219/116225/adc58e98876a43ac8f9a3f3ae9020178/index.html,2022-06-10,"[""release_date_has_official_evidence"", ""seeded_from_frozen_pr13_snapshot""]",
cn_m1,2022-06,2022-06-30,2022-07-11,official_release,2026-10-07T16:41:31+08:00,5.8,percent_yoy,https://www.pbc.gov.cn/diaochatongjisi/116219/116225/5e5f733aaa0f44228c7a1aa1d807871d/index.html,https://www.pbc.gov.cn/diaochatongjisi/116219/116225/5e5f733aaa0f44228c7a1aa1d807871d/index.html,2022-07-11,"[""release_date_has_official_evidence"", ""seeded_from_frozen_pr13_snapshot""]",
cn_m1,2022-07,2022-07-31,2022-08-12,official_release,2026-10-07T16:41:31+08:00,6.7,percent_yoy,https://www.pbc.gov.cn/diaochatongjisi/116219/116225/89a04f538b414573a827dd0666294e69/index.html,https://www.pbc.gov.cn/diaochatongjisi/116219/116225/89a04f538b414573a827dd0666294e69/index.html,2022-08-12,"[""release_date_has_official_evidence"", ""seeded_from_frozen_pr13_snapshot""]",
cn_m1,2022-08,2022-08-31,2022-09-09,official_release,2026-10-07T16:41:31+08:00,6.1,percent_yoy,https://www.pbc.gov.cn/diaochatongjisi/116219/116225/b2dfd3ad0adc4d3ca62f1adacea5fc09/index.html,https://www.pbc.gov.cn/diaochatongjisi/116219/116225/b2dfd3ad0adc4d3ca62f1adacea5fc09/index.html,2022-09-09,"[""release_date_has_official_evidence"", ""seeded_from_frozen_pr13_snapshot""]",
cn_m1,2022-09,2022-09-30,2022-10-11,official_release,2026-10-07T16:41:31+08:00,6.4,percent_yoy,https://www.pbc.gov.cn/diaochatongjisi/116219/116225/fb30cb8791924291b5365d3e092bc803/index.html,https://www.pbc.gov.cn/diaochatongjisi/116219/116225/fb30cb8791924291b5365d3e092bc803/index.html,2022-10-11,"[""release_date_has_official_evidence"", ""seeded_from_frozen_pr13_snapshot""]",
cn_m1,2022-10,2022-10-31,2022-11-10,official_release,2026-10-07T16:41:31+08:00,5.8,percent_yoy,https://www.pbc.gov.cn/diaochatongjisi/116219/116225/e15a1be918ed495488bf16af0fb7214f/index.html,https://www.pbc.gov.cn/diaochatongjisi/116219/116225/e15a1be918ed495488bf16af0fb7214f/index.html,2022-11-10,"[""release_date_has_official_evidence"", ""seeded_from_frozen_pr13_snapshot""]",
cn_m1,2022-11,2022-11-30,2022-12-12,official_release,2026-10-07T16:41:31+08:00,4.6,percent_yoy,https://www.pbc.gov.cn/diaochatongjisi/116219/116225/a0e7f0189181456d9fcde9ee5e423584/index.html,https://www.pbc.gov.cn/diaochatongjisi/116219/116225/a0e7f0189181456d9fcde9ee5e423584/index.html,2022-12-12,"[""release_date_has_official_evidence"", ""seeded_from_frozen_pr13_snapshot""]",
cn_m1,2022-12,2022-12-31,2023-01-10,official_release,2026-10-07T16:41:31+08:00,3.7,percent_yoy,https://www.pbc.gov.cn/diaochatongjisi/116219/116225/568387ff70be457590732b5e044f8e18/index.html,https://www.pbc.gov.cn/diaochatongjisi/116219/116225/568387ff70be457590732b5e044f8e18/index.html,2023-01-10,"[""release_date_has_official_evidence"", ""seeded_from_frozen_pr13_snapshot""]",
cn_m1,2023-01,2023-01-31,2023-02-10,official_release,2026-10-07T16:41:31+08:00,6.7,percent_yoy,https://www.pbc.gov.cn/diaochatongjisi/116219/116225/1421ef5774954fd795d2e2312daf0470/index.html,https://www.pbc.gov.cn/diaochatongjisi/116219/116225/1421ef5774954fd795d2e2312daf0470/index.html,2023-02-10,"[""release_date_has_official_evidence"", ""seeded_from_frozen_pr13_snapshot""]",
cn_m1,2023-02,2023-02-28,2023-03-10,official_release,2026-10-07T16:41:31+08:00,5.8,percent_yoy,https://www.pbc.gov.cn/diaochatongjisi/116219/116225/588b2401df5344f68b78d51b7396d743/index.html,https://www.pbc.gov.cn/diaochatongjisi/116219/116225/588b2401df5344f68b78d51b7396d743/index.html,2023-03-10,"[""release_date_has_official_evidence"", ""seeded_from_frozen_pr13_snapshot""]",
cn_m1,2023-03,2023-03-31,2023-04-11,official_release,2026-10-07T16:41:31+08:00,5.1,percent_yoy,https://www.pbc.gov.cn/diaochatongjisi/116219/116225/532709cd6dc346c6abd925556437511d/index.html,https://www.pbc.gov.cn/diaochatongjisi/116219/116225/532709cd6dc346c6abd925556437511d/index.html,2023-04-11,"[""release_date_has_official_evidence"", ""seeded_from_frozen_pr13_snapshot""]",
cn_m1,2023-04,2023-04-30,2023-05-11,official_release,2026-10-07T16:41:31+08:00,5.3,percent_yoy,https://www.pbc.gov.cn/diaochatongjisi/116219/116225/1bb8759c90de4353b2a93e00438375e3/index.html,https://www.pbc.gov.cn/diaochatongjisi/116219/116225/1bb8759c90de4353b2a93e00438375e3/index.html,2023-05-11,"[""release_date_has_official_evidence"", ""seeded_from_frozen_pr13_snapshot""]",
cn_m1,2023-05,2023-05-31,2023-06-13,official_release,2026-10-07T16:41:31+08:00,4.7,percent_yoy,https://www.pbc.gov.cn/diaochatongjisi/116219/116225/0755aafdab32428daa12f2cf682c81ba/index.html,https://www.pbc.gov.cn/diaochatongjisi/116219/116225/0755aafdab32428daa12f2cf682c81ba/index.html,2023-06-13,"[""release_date_has_official_evidence"", ""seeded_from_frozen_pr13_snapshot""]",
cn_m1,2023-06,2023-06-30,2023-07-11,official_release,2026-10-07T16:41:31+08:00,3.1,percent_yoy,https://www.pbc.gov.cn/diaochatongjisi/116219/116225/33ed4f226f484e66a50446175026c639/index.html,https://www.pbc.gov.cn/diaochatongjisi/116219/116225/33ed4f226f484e66a50446175026c639/index.html,2023-07-11,"[""release_date_has_official_evidence"", ""seeded_from_frozen_pr13_snapshot""]",
cn_m1,2023-07,2023-07-31,2023-08-11,official_release,2026-10-07T16:41:31+08:00,2.3,percent_yoy,https://www.pbc.gov.cn/diaochatongjisi/116219/116225/88fe2f6caa7d46e8ba029def777c7831/index.html,https://www.pbc.gov.cn/diaochatongjisi/116219/116225/88fe2f6caa7d46e8ba029def777c7831/index.html,2023-08-11,"[""release_date_has_official_evidence"", ""seeded_from_frozen_pr13_snapshot""]",
cn_m1,2023-08,2023-08-31,2023-09-11,official_release,2026-10-07T16:41:31+08:00,2.2,percent_yoy,https://www.pbc.gov.cn/diaochatongjisi/116219/116225/f30cb865aa774555bccb5ae49470007c/index.html,https://www.pbc.gov.cn/diaochatongjisi/116219/116225/f30cb865aa774555bccb5ae49470007c/index.html,2023-09-11,"[""release_date_has_official_evidence"", ""seeded_from_frozen_pr13_snapshot""]",
cn_m1,2023-09,2023-09-30,2023-10-13,official_release,2026-10-07T16:41:31+08:00,2.1,percent_yoy,https://www.pbc.gov.cn/diaochatongjisi/116219/116225/13726e91dd8d4423b12ec14955d6601a/index.html,https://www.pbc.gov.cn/diaochatongjisi/116219/116225/13726e91dd8d4423b12ec14955d6601a/index.html,2023-10-13,"[""release_date_has_official_evidence"", ""seeded_from_frozen_pr13_snapshot""]",
cn_m1,2023-10,2023-10-31,2023-11-13,official_release,2026-10-07T16:41:31+08:00,1.9,percent_yoy,https://www.pbc.gov.cn/diaochatongjisi/116219/116225/8393556d383747a3bc6ad513618ae523/index.html,https://www.pbc.gov.cn/diaochatongjisi/116219/116225/8393556d383747a3bc6ad513618ae523/index.html,2023-11-13,"[""release_date_has_official_evidence"", ""seeded_from_frozen_pr13_snapshot""]",
cn_m1,2023-11,2023-11-30,2023-12-13,official_release,2026-10-07T16:41:31+08:00,1.3,percent_yoy,https://www.pbc.gov.cn/diaochatongjisi/116219/116225/b21be1ab65c94424a612a7666d605a1b/index.html,https://www.pbc.gov.cn/diaochatongjisi/116219/116225/b21be1ab65c94424a612a7666d605a1b/index.html,2023-12-13,"[""release_date_has_official_evidence"", ""seeded_from_frozen_pr13_snapshot""]",
cn_m1,2023-12,2023-12-31,2024-01-12,official_release,2026-10-07T16:41:31+08:00,1.3,percent_yoy,https://www.pbc.gov.cn/diaochatongjisi/116219/116225/1a6fe9c99e0b4b3ba35bbd038ef8535c/index.html,https://www.pbc.gov.cn/diaochatongjisi/116219/116225/1a6fe9c99e0b4b3ba35bbd038ef8535c/index.html,2024-01-12,"[""release_date_has_official_evidence"", ""seeded_from_frozen_pr13_snapshot""]",
cn_m1,2024-01,2024-01-31,2024-02-09,official_release,2026-10-07T16:41:31+08:00,5.9,percent_yoy,https://www.pbc.gov.cn/diaochatongjisi/116219/116225/a46e2ace126b4c4391b512bf4bde01f9/index.html,https://www.pbc.gov.cn/diaochatongjisi/116219/116225/a46e2ace126b4c4391b512bf4bde01f9/index.html,2024-02-09,"[""release_date_has_official_evidence"", ""seeded_from_frozen_pr13_snapshot""]",
cn_m1,2024-02,2024-02-29,2024-03-15,official_release,2026-10-07T16:41:31+08:00,1.2,percent_yoy,https://www.pbc.gov.cn/diaochatongjisi/116219/116225/92d0ec2dadd140219750ffd27571ca1a/index.html,https://www.pbc.gov.cn/diaochatongjisi/116219/116225/92d0ec2dadd140219750ffd27571ca1a/index.html,2024-03-15,"[""release_date_has_official_evidence"", ""seeded_from_frozen_pr13_snapshot""]",
cn_m1,2024-03,2024-03-31,2024-04-12,official_release,2026-10-07T16:41:31+08:00,1.1,percent_yoy,https://www.pbc.gov.cn/diaochatongjisi/116219/116225/5e836772302043d99354efa62c01029d/index.html,https://www.pbc.gov.cn/diaochatongjisi/116219/116225/5e836772302043d99354efa62c01029d/index.html,2024-04-12,"[""release_date_has_official_evidence"", ""seeded_from_frozen_pr13_snapshot""]",
cn_m1,2024-04,2024-04-30,2024-05-11,official_release,2026-10-07T16:41:31+08:00,-1.4,percent_yoy,https://www.pbc.gov.cn/diaochatongjisi/116219/116225/755eb247554443c3aea852f0f11546a2/index.html,https://www.pbc.gov.cn/diaochatongjisi/116219/116225/755eb247554443c3aea852f0f11546a2/index.html,2024-05-11,"[""release_date_has_official_evidence"", ""seeded_from_frozen_pr13_snapshot""]",
cn_m1,2024-05,2024-05-31,2024-06-14,official_release,2026-10-07T16:41:31+08:00,-4.2,percent_yoy,https://www.pbc.gov.cn/diaochatongjisi/116219/116225/b59c04b2e581418f9109dcdff76de699/index.html,https://www.pbc.gov.cn/diaochatongjisi/116219/116225/b59c04b2e581418f9109dcdff76de699/index.html,2024-06-14,"[""release_date_has_official_evidence"", ""seeded_from_frozen_pr13_snapshot""]",
cn_m1,2024-06,2024-06-30,2024-07-12,official_release,2026-10-07T16:41:31+08:00,-5.0,percent_yoy,https://www.pbc.gov.cn/diaochatongjisi/116219/116225/25bd40fd26ae4b1488369f7df33ffc94/index.html,https://www.pbc.gov.cn/diaochatongjisi/116219/116225/25bd40fd26ae4b1488369f7df33ffc94/index.html,2024-07-12,"[""release_date_has_official_evidence"", ""seeded_from_frozen_pr13_snapshot""]",
cn_m1,2024-07,2024-07-31,2024-08-13,official_release,2026-10-07T16:41:31+08:00,-6.6,percent_yoy,https://www.pbc.gov.cn/diaochatongjisi/116219/116225/8980a8a6f1414f649d3443cc09352c2b/index.html,https://www.pbc.gov.cn/diaochatongjisi/116219/116225/8980a8a6f1414f649d3443cc09352c2b/index.html,2024-08-13,"[""release_date_has_official_evidence"", ""seeded_from_frozen_pr13_snapshot""]",
cn_m1,2024-08,2024-08-31,2024-09-13,official_release,2026-10-07T16:41:31+08:00,-7.3,percent_yoy,https://www.pbc.gov.cn/diaochatongjisi/116219/116225/41425ee3179143a29c4656e31b6df3d8/index.html,https://www.pbc.gov.cn/diaochatongjisi/116219/116225/41425ee3179143a29c4656e31b6df3d8/index.html,2024-09-13,"[""release_date_has_official_evidence"", ""seeded_from_frozen_pr13_snapshot""]",
cn_m1,2024-09,2024-09-30,2024-10-14,official_release,2026-10-07T16:41:31+08:00,-7.4,percent_yoy,https://www.pbc.gov.cn/diaochatongjisi/116219/116225/02a6abaaea894de8b591846e295826e6/index.html,https://www.pbc.gov.cn/diaochatongjisi/116219/116225/02a6abaaea894de8b591846e295826e6/index.html,2024-10-14,"[""release_date_has_official_evidence"", ""seeded_from_frozen_pr13_snapshot""]",
cn_m1,2024-10,2024-10-31,2024-11-11,official_release,2026-10-07T16:41:31+08:00,-6.1,percent_yoy,https://www.pbc.gov.cn/diaochatongjisi/116219/116225/6a9d1d8c3460445bb190bff0d58e4484/index.html,https://www.pbc.gov.cn/diaochatongjisi/116219/116225/6a9d1d8c3460445bb190bff0d58e4484/index.html,2024-11-11,"[""release_date_has_official_evidence"", ""seeded_from_frozen_pr13_snapshot""]",
cn_m1,2024-11,2024-11-30,2024-12-13,official_release,2026-10-07T16:41:31+08:00,-3.7,percent_yoy,https://www.pbc.gov.cn/diaochatongjisi/116219/116225/6bfd794fa2a0407d9a1dbddb6fa3f77f/index.html,https://www.pbc.gov.cn/diaochatongjisi/116219/116225/6bfd794fa2a0407d9a1dbddb6fa3f77f/index.html,2024-12-13,"[""release_date_has_official_evidence"", ""seeded_from_frozen_pr13_snapshot""]",
cn_m1,2024-12,2024-12-31,2025-01-14,official_release,2026-10-07T16:41:31+08:00,-1.4,percent_yoy,https://www.pbc.gov.cn/diaochatongjisi/116219/116225/5fb867cbec1b4772b8f6f98b5d0ede52/index.html,https://www.pbc.gov.cn/diaochatongjisi/116219/116225/5fb867cbec1b4772b8f6f98b5d0ede52/index.html,2025-01-14,"[""release_date_has_official_evidence"", ""seeded_from_frozen_pr13_snapshot""]",
cn_m1,2025-02,2025-02-28,2025-03-14,official_release,2026-10-07T16:41:31+08:00,0.1,percent_yoy,https://www.pbc.gov.cn/diaochatongjisi/116219/116225/2025080618505068053/index.html,https://www.pbc.gov.cn/diaochatongjisi/116219/116225/2025080618505068053/index.html,2025-03-14,"[""release_date_has_official_evidence"", ""seeded_from_frozen_pr13_snapshot""]",
cn_m1,2025-03,2025-03-31,2025-04-13,official_release,2026-10-07T16:41:31+08:00,1.6,percent_yoy,https://www.pbc.gov.cn/diaochatongjisi/116219/116225/2025080618505039987/index.html,https://www.pbc.gov.cn/diaochatongjisi/116219/116225/2025080618505039987/index.html,2025-04-13,"[""release_date_has_official_evidence"", ""seeded_from_frozen_pr13_snapshot""]",
cn_m1,2025-04,2025-04-30,2025-05-14,official_release,2026-10-07T16:41:31+08:00,1.5,percent_yoy,https://www.pbc.gov.cn/diaochatongjisi/116219/116225/2025080618505010475/index.html,https://www.pbc.gov.cn/diaochatongjisi/116219/116225/2025080618505010475/index.html,2025-05-14,"[""release_date_has_official_evidence"", ""seeded_from_frozen_pr13_snapshot""]",
cn_m1,2025-05,2025-05-31,2025-06-13,official_release,2026-10-07T16:41:31+08:00,2.3,percent_yoy,https://www.pbc.gov.cn/diaochatongjisi/116219/116225/2025080618505081124/index.html,https://www.pbc.gov.cn/diaochatongjisi/116219/116225/2025080618505081124/index.html,2025-06-13,"[""release_date_has_official_evidence"", ""seeded_from_frozen_pr13_snapshot""]",
cn_m1,2025-06,2025-06-30,2025-07-14,official_release,2026-10-07T16:41:31+08:00,4.6,percent_yoy,https://www.pbc.gov.cn/diaochatongjisi/116219/116225/2025080618505071886/index.html,https://www.pbc.gov.cn/diaochatongjisi/116219/116225/2025080618505071886/index.html,2025-07-14,"[""release_date_has_official_evidence"", ""seeded_from_frozen_pr13_snapshot""]",
cn_m1,2025-07,2025-07-31,2025-08-13,official_release,2026-10-07T16:41:31+08:00,5.6,percent_yoy,https://www.pbc.gov.cn/diaochatongjisi/116219/116225/2972dbe4d53540e5a9d0b5781c71480d/index.html,https://www.pbc.gov.cn/diaochatongjisi/116219/116225/2972dbe4d53540e5a9d0b5781c71480d/index.html,2025-08-13,"[""release_date_has_official_evidence"", ""seeded_from_frozen_pr13_snapshot""]",
cn_m1,2025-08,2025-08-31,2025-09-12,official_release,2026-10-07T16:41:31+08:00,6.0,percent_yoy,https://www.pbc.gov.cn/diaochatongjisi/116219/116225/e3120f58ec724fe1811d9dadf67232d2/index.html,https://www.pbc.gov.cn/diaochatongjisi/116219/116225/e3120f58ec724fe1811d9dadf67232d2/index.html,2025-09-12,"[""release_date_has_official_evidence"", ""seeded_from_frozen_pr13_snapshot""]",
cn_m1,2025-09,2025-09-30,2025-10-15,official_release,2026-10-07T16:41:31+08:00,7.2,percent_yoy,https://www.pbc.gov.cn/diaochatongjisi/116219/116225/dded7449c74144a19171f582bec9ed36/index.html,https://www.pbc.gov.cn/diaochatongjisi/116219/116225/dded7449c74144a19171f582bec9ed36/index.html,2025-10-15,"[""release_date_has_official_evidence"", ""seeded_from_frozen_pr13_snapshot""]",
cn_m1,2025-10,2025-10-31,2025-11-13,official_release,2026-10-07T16:41:31+08:00,6.2,percent_yoy,https://www.pbc.gov.cn/diaochatongjisi/116219/116225/f294561578884c22878d115780ba7c08/index.html,https://www.pbc.gov.cn/diaochatongjisi/116219/116225/f294561578884c22878d115780ba7c08/index.html,2025-11-13,"[""release_date_has_official_evidence"", ""seeded_from_frozen_pr13_snapshot""]",
cn_m1,2025-11,2025-11-30,2025-12-12,official_release,2026-10-07T16:41:31+08:00,4.9,percent_yoy,https://www.pbc.gov.cn/diaochatongjisi/116219/116225/2025121217132789688/index.html,https://www.pbc.gov.cn/diaochatongjisi/116219/116225/2025121217132789688/index.html,2025-12-12,"[""release_date_has_official_evidence"", ""seeded_from_frozen_pr13_snapshot""]",
cn_m1,2025-12,2025-12-31,2026-01-15,official_release,2026-10-07T16:41:31+08:00,3.8,percent_yoy,https://www.pbc.gov.cn/diaochatongjisi/116219/116225/2026011515015720511/index.html,https://www.pbc.gov.cn/diaochatongjisi/116219/116225/2026011515015720511/index.html,2026-01-15,"[""release_date_has_official_evidence"", ""seeded_from_frozen_pr13_snapshot""]",
cn_m1,2026-01,2026-01-31,2026-02-13,official_release,2026-10-07T16:41:31+08:00,4.9,percent_yoy,https://www.pbc.gov.cn/diaochatongjisi/116219/116225/2026021317031040775/index.html,https://www.pbc.gov.cn/diaochatongjisi/116219/116225/2026021317031040775/index.html,2026-02-13,"[""release_date_has_official_evidence"", ""seeded_from_frozen_pr13_snapshot""]",
cn_m1,2026-02,2026-02-28,2026-03-13,official_release,2026-10-07T16:41:31+08:00,5.9,percent_yoy,https://www.pbc.gov.cn/diaochatongjisi/116219/116225/2026031317020260950/index.html,https://www.pbc.gov.cn/diaochatongjisi/116219/116225/2026031317020260950/index.html,2026-03-13,"[""release_date_has_official_evidence"", ""seeded_from_frozen_pr13_snapshot""]",
cn_m1,2026-03,2026-03-31,2026-04-13,official_release,2026-10-07T16:41:31+08:00,5.1,percent_yoy,https://www.pbc.gov.cn/diaochatongjisi/116219/116225/2026041317011944771/index.html,https://www.pbc.gov.cn/diaochatongjisi/116219/116225/2026041317011944771/index.html,2026-04-13,"[""release_date_has_official_evidence"", ""seeded_from_frozen_pr13_snapshot""]",
cn_m1,2026-04,2026-04-30,2026-05-14,official_release,2026-10-07T16:41:31+08:00,5.0,percent_yoy,https://www.pbc.gov.cn/diaochatongjisi/116219/116225/2026051417030520490/index.html,https://www.pbc.gov.cn/diaochatongjisi/116219/116225/2026051417030520490/index.html,2026-05-14,"[""release_date_has_official_evidence"", ""seeded_from_frozen_pr13_snapshot""]",
cn_m1,2026-05,2026-05-31,2026-06-12,official_release,2026-10-07T16:41:31+08:00,5.5,percent_yoy,https://www.pbc.gov.cn/diaochatongjisi/116219/116225/2026061217051611931/index.html,https://www.pbc.gov.cn/diaochatongjisi/116219/116225/2026061217051611931/index.html,2026-06-12,"[""release_date_has_official_evidence"", ""seeded_from_frozen_pr13_snapshot""]",
cn_m1,2026-06,2026-06-30,2026-07-15,official_release,2026-10-07T16:41:31+08:00,4.0,percent_yoy,https://www.pbc.gov.cn/diaochatongjisi/116219/116225/2026071515025183948/index.html,https://www.pbc.gov.cn/diaochatongjisi/116219/116225/2026071515025183948/index.html,2026-07-15,"[""release_date_has_official_evidence"", ""seeded_from_frozen_pr13_snapshot""]",
cn_m1,2026-07,2026-07-31,2026-08-14,official_release,2026-10-07T16:41:31+08:00,4.0,percent_yoy,https://www.pbc.gov.cn/diaochatongjisi/116219/116225/2026081416320925645/index.html,https://www.pbc.gov.cn/diaochatongjisi/116219/116225/2026081416320925645/index.html,2026-08-14,"[""release_date_has_official_evidence"", ""seeded_from_frozen_pr13_snapshot""]",
cn_m1,2026-08,2026-08-31,2026-09-14,official_release,2026-10-07T16:41:31+08:00,4.1,percent_yoy,https://www.pbc.gov.cn/diaochatongjisi/116219/116225/2026091417020862747/index.html,https://www.pbc.gov.cn/diaochatongjisi/116219/116225/2026091417020862747/index.html,2026-09-14,"[""release_date_has_official_evidence"", ""seeded_from_frozen_pr13_snapshot""]",
cn_m2,2009-11,2009-11-30,2009-12-11,official_release,2026-10-07T16:41:31+08:00,29.74,percent_yoy,https://www.pbc.gov.cn/diaochatongjisi/116219/116225/2843462/index.html,https://www.pbc.gov.cn/diaochatongjisi/116219/116225/2843462/index.html,2009-12-11,"[""release_date_has_official_evidence"", ""seeded_from_frozen_pr13_snapshot""]",
cn_m2,2009-12,2009-12-31,2010-01-15,official_release,2026-10-07T16:41:31+08:00,27.68,percent_yoy,https://www.pbc.gov.cn/diaochatongjisi/116219/116225/2843694/index.html,https://www.pbc.gov.cn/diaochatongjisi/116219/116225/2843694/index.html,2010-01-15,"[""release_date_has_official_evidence"", ""seeded_from_frozen_pr13_snapshot""]",
cn_m2,2010-01,2010-01-31,2010-02-11,official_release,2026-10-07T16:41:31+08:00,25.98,percent_yoy,https://www.pbc.gov.cn/diaochatongjisi/116219/116225/2844024/index.html,https://www.pbc.gov.cn/diaochatongjisi/116219/116225/2844024/index.html,2010-02-11,"[""release_date_has_official_evidence"", ""seeded_from_frozen_pr13_snapshot""]",
cn_m2,2010-02,2010-02-28,2010-03-11,official_release,2026-10-07T16:41:31+08:00,25.52,percent_yoy,https://www.pbc.gov.cn/diaochatongjisi/116219/116225/2844015/index.html,https://www.pbc.gov.cn/diaochatongjisi/116219/116225/2844015/index.html,2010-03-11,"[""release_date_has_official_evidence"", ""seeded_from_frozen_pr13_snapshot""]",
cn_m2,2010-03,2010-03-31,2010-04-12,official_release,2026-10-07T16:41:31+08:00,22.5,percent_yoy,https://www.pbc.gov.cn/diaochatongjisi/116219/116225/2844496/index.html,https://www.pbc.gov.cn/diaochatongjisi/116219/116225/2844496/index.html,2010-04-12,"[""release_date_has_official_evidence"", ""seeded_from_frozen_pr13_snapshot""]",
cn_m2,2010-04,2010-04-30,2010-05-11,official_release,2026-10-07T16:41:31+08:00,21.48,percent_yoy,https://www.pbc.gov.cn/diaochatongjisi/116219/116225/2844871/index.html,https://www.pbc.gov.cn/diaochatongjisi/116219/116225/2844871/index.html,2010-05-11,"[""release_date_has_official_evidence"", ""seeded_from_frozen_pr13_snapshot""]",
cn_m2,2010-05,2010-05-31,2010-06-11,official_release,2026-10-07T16:41:31+08:00,21.0,percent_yoy,https://www.pbc.gov.cn/diaochatongjisi/116219/116225/2845769/index.html,https://www.pbc.gov.cn/diaochatongjisi/116219/116225/2845769/index.html,2010-06-11,"[""release_date_has_official_evidence"", ""seeded_from_frozen_pr13_snapshot""]",
cn_m2,2010-06,2010-06-30,2010-07-11,official_release,2026-10-07T16:41:31+08:00,18.5,percent_yoy,https://www.pbc.gov.cn/diaochatongjisi/116219/116225/2846253/index.html,https://www.pbc.gov.cn/diaochatongjisi/116219/116225/2846253/index.html,2010-07-11,"[""release_date_has_official_evidence"", ""seeded_from_frozen_pr13_snapshot""]",
cn_m2,2010-07,2010-07-31,2010-08-11,official_release,2026-10-07T16:41:31+08:00,17.6,percent_yoy,https://www.pbc.gov.cn/diaochatongjisi/116219/116225/2847240/index.html,https://www.pbc.gov.cn/diaochatongjisi/116219/116225/2847240/index.html,2010-08-11,"[""release_date_has_official_evidence"", ""seeded_from_frozen_pr13_snapshot""]",
cn_m2,2010-08,2010-08-31,2010-09-11,official_release,2026-10-07T16:41:31+08:00,19.2,percent_yoy,https://www.pbc.gov.cn/diaochatongjisi/116219/116225/2847729/index.html,https://www.pbc.gov.cn/diaochatongjisi/116219/116225/2847729/index.html,2010-09-11,"[""release_date_has_official_evidence"", ""seeded_from_frozen_pr13_snapshot""]",
cn_m2,2010-09,2010-09-30,2010-10-13,official_release,2026-10-07T16:41:31+08:00,19.0,percent_yoy,https://www.pbc.gov.cn/diaochatongjisi/116219/116225/2848379/index.html,https://www.pbc.gov.cn/diaochatongjisi/116219/116225/2848379/index.html,2010-10-13,"[""release_date_has_official_evidence"", ""seeded_from_frozen_pr13_snapshot""]",
cn_m2,2010-10,2010-10-31,2010-11-11,official_release,2026-10-07T16:41:31+08:00,19.3,percent_yoy,https://www.pbc.gov.cn/diaochatongjisi/116219/116225/2848848/index.html,https://www.pbc.gov.cn/diaochatongjisi/116219/116225/2848848/index.html,2010-11-11,"[""release_date_has_official_evidence"", ""seeded_from_frozen_pr13_snapshot""]",
cn_m2,2010-11,2010-11-30,2010-12-10,official_release,2026-10-07T16:41:31+08:00,19.5,percent_yoy,https://www.pbc.gov.cn/diaochatongjisi/116219/116225/2849207/index.html,https://www.pbc.gov.cn/diaochatongjisi/116219/116225/2849207/index.html,2010-12-10,"[""release_date_has_official_evidence"", ""seeded_from_frozen_pr13_snapshot""]",
cn_m2,2010-12,2010-12-31,2011-01-11,official_release,2026-10-07T16:41:31+08:00,19.7,percent_yoy,https://www.pbc.gov.cn/diaochatongjisi/116219/116225/2849747/index.html,https://www.pbc.gov.cn/diaochatongjisi/116219/116225/2849747/index.html,2011-01-11,"[""release_date_has_official_evidence"", ""seeded_from_frozen_pr13_snapshot""]",
cn_m2,2011-01,2011-01-31,2011-02-15,official_release,2026-10-07T16:41:31+08:00,17.2,percent_yoy,https://www.pbc.gov.cn/diaochatongjisi/116219/116225/2874087/index.html,https://www.pbc.gov.cn/diaochatongjisi/116219/116225/2874087/index.html,2011-02-15,"[""release_date_has_official_evidence"", ""seeded_from_frozen_pr13_snapshot""]",
cn_m2,2011-02,2011-02-28,2011-03-14,official_release,2026-10-07T16:41:31+08:00,15.7,percent_yoy,https://www.pbc.gov.cn/diaochatongjisi/116219/116225/2850646/index.html,https://www.pbc.gov.cn/diaochatongjisi/116219/116225/2850646/index.html,2011-03-14,"[""release_date_has_official_evidence"", ""seeded_from_frozen_pr13_snapshot""]",
cn_m2,2011-03,2011-03-31,2011-04-14,official_release,2026-10-07T16:41:31+08:00,16.6,percent_yoy,https://www.pbc.gov.cn/diaochatongjisi/116219/116225/2881396/index.html,https://www.pbc.gov.cn/diaochatongjisi/116219/116225/2881396/index.html,2011-04-14,"[""release_date_has_official_evidence"", ""seeded_from_frozen_pr13_snapshot""]",
cn_m2,2011-04,2011-04-30,2011-05-11,official_release,2026-10-07T16:41:31+08:00,15.3,percent_yoy,https://www.pbc.gov.cn/diaochatongjisi/116219/116225/2851582/index.html,https://www.pbc.gov.cn/diaochatongjisi/116219/116225/2851582/index.html,2011-05-11,"[""release_date_has_official_evidence"", ""seeded_from_frozen_pr13_snapshot""]",
cn_m2,2011-05,2011-05-31,2011-06-13,official_release,2026-10-07T16:41:31+08:00,15.1,percent_yoy,https://www.pbc.gov.cn/eportal/fileDir/image_public/UserFiles/goutongjiaoliu/upload/File/2011%E5%B9%B45%E6%9C%88%E9%87%91%E8%9E%8D%E7%BB%9F%E8%AE%A1%E6%95%B0%E6%8D%AE%E6%8A%A5%E5%91%8A%281%29.pdf,https://www.pbc.gov.cn/diaochatongjisi/116219/116225/2852456/index.html,2011-06-13,"[""release_date_has_official_evidence"", ""seeded_from_frozen_pr13_snapshot""]",
cn_m2,2011-06,2011-06-30,2011-07-12,official_release,2026-10-07T16:41:31+08:00,15.9,percent_yoy,https://www.pbc.gov.cn/diaochatongjisi/116219/116225/2889975/index.html,https://www.pbc.gov.cn/diaochatongjisi/116219/116225/2889975/index.html,2011-07-12,"[""release_date_has_official_evidence"", ""seeded_from_frozen_pr13_snapshot""]",
cn_m2,2011-07,2011-07-31,2011-08-12,official_release,2026-10-07T16:41:31+08:00,14.7,percent_yoy,https://www.pbc.gov.cn/diaochatongjisi/116219/116225/2883274/index.html,https://www.pbc.gov.cn/diaochatongjisi/116219/116225/2883274/index.html,2011-08-12,"[""release_date_has_official_evidence"", ""seeded_from_frozen_pr13_snapshot""]",
cn_m2,2011-08,2011-08-31,2011-09-11,official_release,2026-10-07T16:41:31+08:00,13.5,percent_yoy,https://www.pbc.gov.cn/diaochatongjisi/116219/116225/2854577/index.html,https://www.pbc.gov.cn/diaochatongjisi/116219/116225/2854577/index.html,2011-09-11,"[""release_date_has_official_evidence"", ""seeded_from_frozen_pr13_snapshot""]",
cn_m2,2011-09,2011-09-30,2011-10-14,official_release,2026-10-07T16:41:31+08:00,13.0,percent_yoy,https://www.pbc.gov.cn/diaochatongjisi/116219/116225/2874692/index.html,https://www.pbc.gov.cn/diaochatongjisi/116219/116225/2874692/index.html,2011-10-14,"[""release_date_has_official_evidence"", ""seeded_from_frozen_pr13_snapshot""]",
cn_m2,2011-10,2011-10-31,2011-11-11,official_release,2026-10-07T16:41:31+08:00,12.9,percent_yoy,https://www.pbc.gov.cn/diaochatongjisi/116219/116225/2855441/index.html,https://www.pbc.gov.cn/diaochatongjisi/116219/116225/2855441/index.html,2011-11-11,"[""release_date_has_official_evidence"", ""seeded_from_frozen_pr13_snapshot""]",
cn_m2,2011-11,2011-11-30,2011-12-14,official_release,2026-10-07T16:41:31+08:00,12.7,percent_yoy,https://www.pbc.gov.cn/diaochatongjisi/116219/116225/2856168/index.html,https://www.pbc.gov.cn/diaochatongjisi/116219/116225/2856168/index.html,2011-12-14,"[""release_date_has_official_evidence"", ""seeded_from_frozen_pr13_snapshot""]",
cn_m2,2011-12,2011-12-31,2012-01-08,official_release,2026-10-07T16:41:31+08:00,13.6,percent_yoy,https://www.pbc.gov.cn/diaochatongjisi/116219/116225/2878344/index.html,https://www.pbc.gov.cn/diaochatongjisi/116219/116225/2878344/index.html,2012-01-08,"[""release_date_has_official_evidence"", ""seeded_from_frozen_pr13_snapshot""]",
cn_m2,2012-01,2012-01-31,2012-02-10,official_release,2026-10-07T16:41:31+08:00,12.4,percent_yoy,https://www.pbc.gov.cn/diaochatongjisi/116219/116225/2896816/index.html,https://www.pbc.gov.cn/diaochatongjisi/116219/116225/2896816/index.html,2012-02-10,"[""release_date_has_official_evidence"", ""seeded_from_frozen_pr13_snapshot""]",
cn_m2,2012-02,2012-02-29,2012-03-09,official_release,2026-10-07T16:41:31+08:00,13.0,percent_yoy,https://www.pbc.gov.cn/diaochatongjisi/116219/116225/2858795/index.html,https://www.pbc.gov.cn/diaochatongjisi/116219/116225/2858795/index.html,2012-03-09,"[""release_date_has_official_evidence"", ""seeded_from_frozen_pr13_snapshot""]",
cn_m2,2012-03,2012-03-31,2012-04-12,official_release,2026-10-07T16:41:31+08:00,13.4,percent_yoy,https://www.pbc.gov.cn/diaochatongjisi/116219/116225/2859722/index.html,https://www.pbc.gov.cn/diaochatongjisi/116219/116225/2859722/index.html,2012-04-12,"[""release_date_has_official_evidence"", ""seeded_from_frozen_pr13_snapshot""]",
cn_m2,2012-04,2012-04-30,2012-05-11,official_release,2026-10-07T16:41:31+08:00,12.8,percent_yoy,https://www.pbc.gov.cn/diaochatongjisi/116219/116225/2860583/index.html,https://www.pbc.gov.cn/diaochatongjisi/116219/116225/2860583/index.html,2012-05-11,"[""release_date_has_official_evidence"", ""seeded_from_frozen_pr13_snapshot""]",
cn_m2,2012-05,2012-05-31,2012-06-11,official_release,2026-10-07T16:41:31+08:00,13.2,percent_yoy,https://www.pbc.gov.cn/diaochatongjisi/116219/116225/2861237/index.html,https://www.pbc.gov.cn/diaochatongjisi/116219/116225/2861237/index.html,2012-06-11,"[""release_date_has_official_evidence"", ""seeded_from_frozen_pr13_snapshot""]",
cn_m2,2012-06,2012-06-30,2012-07-12,official_release,2026-10-07T16:41:31+08:00,13.6,percent_yoy,https://www.pbc.gov.cn/diaochatongjisi/116219/116225/2862365/index.html,https://www.pbc.gov.cn/diaochatongjisi/116219/116225/2862365/index.html,2012-07-12,"[""release_date_has_official_evidence"", ""seeded_from_frozen_pr13_snapshot""]",
cn_m2,2012-07,2012-07-31,2012-08-10,official_release,2026-10-07T16:41:31+08:00,13.9,percent_yoy,https://www.pbc.gov.cn/diaochatongjisi/116219/116225/2863130/index.html,https://www.pbc.gov.cn/diaochatongjisi/116219/116225/2863130/index.html,2012-08-10,"[""release_date_has_official_evidence"", ""seeded_from_frozen_pr13_snapshot""]",
cn_m2,2012-08,2012-08-31,2012-09-11,official_release,2026-10-07T16:41:31+08:00,13.5,percent_yoy,https://www.pbc.gov.cn/diaochatongjisi/116219/116225/2893557/index.html,https://www.pbc.gov.cn/diaochatongjisi/116219/116225/2893557/index.html,2012-09-11,"[""release_date_has_official_evidence"", ""seeded_from_frozen_pr13_snapshot""]",
cn_m2,2012-09,2012-09-30,2012-10-13,official_release,2026-10-07T16:41:31+08:00,14.8,percent_yoy,https://www.pbc.gov.cn/diaochatongjisi/116219/116225/2863857/index.html,https://www.pbc.gov.cn/diaochatongjisi/116219/116225/2863857/index.html,2012-10-13,"[""release_date_has_official_evidence"", ""seeded_from_frozen_pr13_snapshot""]",
cn_m2,2012-10,2012-10-31,2012-11-12,official_release,2026-10-07T16:41:31+08:00,14.1,percent_yoy,https://www.pbc.gov.cn/diaochatongjisi/116219/116225/2874714/index.html,https://www.pbc.gov.cn/diaochatongjisi/116219/116225/2874714/index.html,2012-11-12,"[""release_date_has_official_evidence"", ""seeded_from_frozen_pr13_snapshot""]",
cn_m2,2012-11,2012-11-30,2012-12-11,official_release,2026-10-07T16:41:31+08:00,13.9,percent_yoy,https://www.pbc.gov.cn/diaochatongjisi/116219/116225/2864861/index.html,https://www.pbc.gov.cn/diaochatongjisi/116219/116225/2864861/index.html,2012-12-11,"[""release_date_has_official_evidence"", ""seeded_from_frozen_pr13_snapshot""]",
cn_m2,2012-12,2012-12-31,2013-01-10,official_release,2026-10-07T16:41:31+08:00,13.8,percent_yoy,https://www.pbc.gov.cn/diaochatongjisi/116219/116225/2873028/index.html,https://www.pbc.gov.cn/diaochatongjisi/116219/116225/2873028/index.html,2013-01-10,"[""release_date_has_official_evidence"", ""seeded_from_frozen_pr13_snapshot""]",
cn_m2,2013-01,2013-01-31,2013-02-08,official_release,2026-10-07T16:41:31+08:00,15.9,percent_yoy,https://www.pbc.gov.cn/diaochatongjisi/116219/116225/2865726/index.html,https://www.pbc.gov.cn/diaochatongjisi/116219/116225/2865726/index.html,2013-02-08,"[""release_date_has_official_evidence"", ""seeded_from_frozen_pr13_snapshot""]",
cn_m2,2013-02,2013-02-28,2013-03-10,official_release,2026-10-07T16:41:31+08:00,15.2,percent_yoy,https://www.pbc.gov.cn/diaochatongjisi/116219/116225/2885261/index.html,https://www.pbc.gov.cn/diaochatongjisi/116219/116225/2885261/index.html,2013-03-10,"[""release_date_has_official_evidence"", ""seeded_from_frozen_pr13_snapshot""]",
cn_m2,2013-03,2013-03-31,2013-04-11,official_release,2026-10-07T16:41:31+08:00,15.7,percent_yoy,https://www.pbc.gov.cn/diaochatongjisi/116219/116225/2866778/index.html,https://www.pbc.gov.cn/diaochatongjisi/116219/116225/2866778/index.html,2013-04-11,"[""release_date_has_official_evidence"", ""seeded_from_frozen_pr13_snapshot""]",
cn_m2,2013-04,2013-04-30,2013-05-10,official_release,2026-10-07T16:41:31+08:00,16.1,percent_yoy,https://www.pbc.gov.cn/diaochatongjisi/116219/116225/2867166/index.html,https://www.pbc.gov.cn/diaochatongjisi/116219/116225/2867166/index.html,2013-05-10,"[""release_date_has_official_evidence"", ""seeded_from_frozen_pr13_snapshot""]",
cn_m2,2013-05,2013-05-31,2013-06-09,official_release,2026-10-07T16:41:31+08:00,15.8,percent_yoy,https://www.pbc.gov.cn/diaochatongjisi/116219/116225/2867742/index.html,https://www.pbc.gov.cn/diaochatongjisi/116219/116225/2867742/index.html,2013-06-09,"[""release_date_has_official_evidence"", ""seeded_from_frozen_pr13_snapshot""]",
cn_m2,2013-06,2013-06-30,2013-07-12,official_release,2026-10-07T16:41:31+08:00,14.0,percent_yoy,https://www.pbc.gov.cn/diaochatongjisi/116219/116225/2868514/index.html,https://www.pbc.gov.cn/diaochatongjisi/116219/116225/2868514/index.html,2013-07-12,"[""release_date_has_official_evidence"", ""seeded_from_frozen_pr13_snapshot""]",
cn_m2,2013-07,2013-07-31,2013-08-09,official_release,2026-10-07T16:41:31+08:00,14.5,percent_yoy,https://www.pbc.gov.cn/diaochatongjisi/116219/116225/2869187/index.html,https://www.pbc.gov.cn/diaochatongjisi/116219/116225/2869187/index.html,2013-08-09,"[""release_date_has_official_evidence"", ""seeded_from_frozen_pr13_snapshot""]",
cn_m2,2013-08,2013-08-31,2013-09-10,official_release,2026-10-07T16:41:31+08:00,14.7,percent_yoy,https://www.pbc.gov.cn/diaochatongjisi/116219/116225/2869794/index.html,https://www.pbc.gov.cn/diaochatongjisi/116219/116225/2869794/index.html,2013-09-10,"[""release_date_has_official_evidence"", ""seeded_from_frozen_pr13_snapshot""]",
cn_m2,2013-09,2013-09-30,2013-10-14,official_release,2026-10-07T16:41:31+08:00,14.2,percent_yoy,https://www.pbc.gov.cn/diaochatongjisi/116219/116225/2870431/index.html,https://www.pbc.gov.cn/diaochatongjisi/116219/116225/2870431/index.html,2013-10-14,"[""release_date_has_official_evidence"", ""seeded_from_frozen_pr13_snapshot""]",
cn_m2,2013-10,2013-10-31,2013-11-11,official_release,2026-10-07T16:41:31+08:00,14.3,percent_yoy,https://www.pbc.gov.cn/diaochatongjisi/116219/116225/2898815/index.html,https://www.pbc.gov.cn/diaochatongjisi/116219/116225/2898815/index.html,2013-11-11,"[""release_date_has_official_evidence"", ""seeded_from_frozen_pr13_snapshot""]",
cn_m2,2013-11,2013-11-30,2013-12-11,official_release,2026-10-07T16:41:31+08:00,14.2,percent_yoy,https://www.pbc.gov.cn/diaochatongjisi/116219/116225/2876727/index.html,https://www.pbc.gov.cn/diaochatongjisi/116219/116225/2876727/index.html,2013-12-11,"[""release_date_has_official_evidence"", ""seeded_from_frozen_pr13_snapshot""]",
cn_m2,2013-12,2013-12-31,2014-01-15,official_release,2026-10-07T16:41:31+08:00,13.6,percent_yoy,https://www.pbc.gov.cn/diaochatongjisi/116219/116225/2878572/index.html,https://www.pbc.gov.cn/diaochatongjisi/116219/116225/2878572/index.html,2014-01-15,"[""release_date_has_official_evidence"", ""seeded_from_frozen_pr13_snapshot""]",
cn_m2,2014-01,2014-01-31,2014-02-15,official_release,2026-10-07T16:41:31+08:00,13.2,percent_yoy,https://www.pbc.gov.cn/diaochatongjisi/116219/116225/2805241/index.html,https://www.pbc.gov.cn/diaochatongjisi/116219/116225/2805241/index.html,2014-02-15,"[""release_date_has_official_evidence"", ""seeded_from_frozen_pr13_snapshot""]",
cn_m2,2014-02,2014-02-28,2014-03-10,official_release,2026-10-07T16:41:31+08:00,13.3,percent_yoy,https://www.pbc.gov.cn/diaochatongjisi/116219/116225/2805549/index.html,https://www.pbc.gov.cn/diaochatongjisi/116219/116225/2805549/index.html,2014-03-10,"[""release_date_has_official_evidence"", ""seeded_from_frozen_pr13_snapshot""]",
cn_m2,2014-03,2014-03-31,2014-04-15,official_release,2026-10-07T16:41:31+08:00,12.1,percent_yoy,https://www.pbc.gov.cn/diaochatongjisi/116219/116225/2806205/index.html,https://www.pbc.gov.cn/diaochatongjisi/116219/116225/2806205/index.html,2014-04-15,"[""release_date_has_official_evidence"", ""seeded_from_frozen_pr13_snapshot""]",
cn_m2,2014-04,2014-04-30,2014-05-12,official_release,2026-10-07T16:41:31+08:00,13.2,percent_yoy,https://www.pbc.gov.cn/diaochatongjisi/116219/116225/2806559/index.html,https://www.pbc.gov.cn/diaochatongjisi/116219/116225/2806559/index.html,2014-05-12,"[""release_date_has_official_evidence"", ""seeded_from_frozen_pr13_snapshot""]",
cn_m2,2014-05,2014-05-31,2014-06-12,official_release,2026-10-07T16:41:31+08:00,13.4,percent_yoy,https://www.pbc.gov.cn/diaochatongjisi/116219/116225/2806928/index.html,https://www.pbc.gov.cn/diaochatongjisi/116219/116225/2806928/index.html,2014-06-12,"[""release_date_has_official_evidence"", ""seeded_from_frozen_pr13_snapshot""]",
cn_m2,2014-06,2014-06-30,2014-07-15,official_release,2026-10-07T16:41:31+08:00,14.7,percent_yoy,https://www.pbc.gov.cn/diaochatongjisi/116219/116225/2807320/index.html,https://www.pbc.gov.cn/diaochatongjisi/116219/116225/2807320/index.html,2014-07-15,"[""release_date_has_official_evidence"", ""seeded_from_frozen_pr13_snapshot""]",
cn_m2,2014-07,2014-07-31,2014-08-13,official_release,2026-10-07T16:41:31+08:00,13.5,percent_yoy,https://www.pbc.gov.cn/diaochatongjisi/116219/116225/2807848/index.html,https://www.pbc.gov.cn/diaochatongjisi/116219/116225/2807848/index.html,2014-08-13,"[""release_date_has_official_evidence"", ""seeded_from_frozen_pr13_snapshot""]",
cn_m2,2014-08,2014-08-31,2014-09-12,official_release,2026-10-07T16:41:31+08:00,12.8,percent_yoy,https://www.pbc.gov.cn/diaochatongjisi/116219/116225/2888833/index.html,https://www.pbc.gov.cn/diaochatongjisi/116219/116225/2888833/index.html,2014-09-12,"[""release_date_has_official_evidence"", ""seeded_from_frozen_pr13_snapshot""]",
cn_m2,2014-09,2014-09-30,2014-10-16,official_release,2026-10-07T16:41:31+08:00,12.9,percent_yoy,https://www.pbc.gov.cn/diaochatongjisi/116219/116225/2808615/index.html,https://www.pbc.gov.cn/diaochatongjisi/116219/116225/2808615/index.html,2014-10-16,"[""release_date_has_official_evidence"", ""seeded_from_frozen_pr13_snapshot""]",
cn_m2,2014-10,2014-10-31,2014-11-14,official_release,2026-10-07T16:41:31+08:00,12.6,percent_yoy,https://www.pbc.gov.cn/diaochatongjisi/116219/116225/2893932/index.html,https://www.pbc.gov.cn/diaochatongjisi/116219/116225/2893932/index.html,2014-11-14,"[""release_date_has_official_evidence"", ""seeded_from_frozen_pr13_snapshot""]",
cn_m2,2014-11,2014-11-30,2014-12-12,official_release,2026-10-07T16:41:31+08:00,12.3,percent_yoy,https://www.pbc.gov.cn/diaochatongjisi/116219/116225/2809586/index.html,https://www.pbc.gov.cn/diaochatongjisi/116219/116225/2809586/index.html,2014-12-12,"[""release_date_has_official_evidence"", ""seeded_from_frozen_pr13_snapshot""]",
cn_m2,2014-12,2014-12-31,2015-01-15,official_release,2026-10-07T16:41:31+08:00,12.2,percent_yoy,https://www.pbc.gov.cn/diaochatongjisi/116219/116225/2810141/index.html,https://www.pbc.gov.cn/diaochatongjisi/116219/116225/2810141/index.html,2015-01-15,"[""release_date_has_official_evidence"", ""seeded_from_frozen_pr13_snapshot""]",
cn_m2,2015-01,2015-01-31,2015-02-13,official_release,2026-10-07T16:41:31+08:00,10.8,percent_yoy,https://www.pbc.gov.cn/diaochatongjisi/116219/116225/2810678/index.html,https://www.pbc.gov.cn/diaochatongjisi/116219/116225/2810678/index.html,2015-02-13,"[""release_date_has_official_evidence"", ""seeded_from_frozen_pr13_snapshot""]",
cn_m2,2015-02,2015-02-28,2015-03-12,official_release,2026-10-07T16:41:31+08:00,12.5,percent_yoy,https://www.pbc.gov.cn/diaochatongjisi/116219/116225/2811006/index.html,https://www.pbc.gov.cn/diaochatongjisi/116219/116225/2811006/index.html,2015-03-12,"[""release_date_has_official_evidence"", ""seeded_from_frozen_pr13_snapshot""]",
cn_m2,2015-03,2015-03-31,2015-04-14,official_release,2026-10-07T16:41:31+08:00,11.6,percent_yoy,https://www.pbc.gov.cn/diaochatongjisi/116219/116225/2811564/index.html,https://www.pbc.gov.cn/diaochatongjisi/116219/116225/2811564/index.html,2015-04-14,"[""release_date_has_official_evidence"", ""seeded_from_frozen_pr13_snapshot""]",
cn_m2,2015-04,2015-04-30,2015-05-13,official_release,2026-10-07T16:41:31+08:00,10.1,percent_yoy,https://www.pbc.gov.cn/diaochatongjisi/116219/116225/2894064/index.html,https://www.pbc.gov.cn/diaochatongjisi/116219/116225/2894064/index.html,2015-05-13,"[""release_date_has_official_evidence"", ""seeded_from_frozen_pr13_snapshot""]",
cn_m2,2015-05,2015-05-31,2015-06-11,official_release,2026-10-07T16:41:31+08:00,10.8,percent_yoy,https://www.pbc.gov.cn/diaochatongjisi/116219/116225/2891052/index.html,https://www.pbc.gov.cn/diaochatongjisi/116219/116225/2891052/index.html,2015-06-11,"[""release_date_has_official_evidence"", ""seeded_from_frozen_pr13_snapshot""]",
cn_m2,2015-06,2015-06-30,2015-07-14,official_release,2026-10-07T16:41:31+08:00,11.8,percent_yoy,https://www.pbc.gov.cn/diaochatongjisi/116219/116225/2892632/index.html,https://www.pbc.gov.cn/diaochatongjisi/116219/116225/2892632/index.html,2015-07-14,"[""release_date_has_official_evidence"", ""seeded_from_frozen_pr13_snapshot""]",
cn_m2,2015-07,2015-07-31,2015-08-11,official_release,2026-10-07T16:41:31+08:00,13.3,percent_yoy,https://www.pbc.gov.cn/diaochatongjisi/116219/116225/5a92528343084e38907dd50681ed571d/index.html,https://www.pbc.gov.cn/diaochatongjisi/116219/116225/5a92528343084e38907dd50681ed571d/index.html,2015-08-11,"[""release_date_has_official_evidence"", ""seeded_from_frozen_pr13_snapshot""]",
cn_m2,2015-08,2015-08-31,2015-09-11,official_release,2026-10-07T16:41:31+08:00,13.3,percent_yoy,https://www.pbc.gov.cn/diaochatongjisi/116219/116225/b2466332f7014dd3bf832bcc1d06ee3f/index.html,https://www.pbc.gov.cn/diaochatongjisi/116219/116225/b2466332f7014dd3bf832bcc1d06ee3f/index.html,2015-09-11,"[""release_date_has_official_evidence"", ""seeded_from_frozen_pr13_snapshot""]",
cn_m2,2015-09,2015-09-30,2015-10-15,official_release,2026-10-07T16:41:31+08:00,13.1,percent_yoy,https://www.pbc.gov.cn/diaochatongjisi/116219/116225/c895d9b39d1a41169bc187b75a283aba/index.html,https://www.pbc.gov.cn/diaochatongjisi/116219/116225/c895d9b39d1a41169bc187b75a283aba/index.html,2015-10-15,"[""release_date_has_official_evidence"", ""seeded_from_frozen_pr13_snapshot""]",
cn_m2,2015-10,2015-10-31,2015-11-12,official_release,2026-10-07T16:41:31+08:00,13.5,percent_yoy,https://www.pbc.gov.cn/diaochatongjisi/116219/116225/f8385792c6b44ab9b396737fdfead3ee/index.html,https://www.pbc.gov.cn/diaochatongjisi/116219/116225/f8385792c6b44ab9b396737fdfead3ee/index.html,2015-11-12,"[""release_date_has_official_evidence"", ""seeded_from_frozen_pr13_snapshot""]",
cn_m2,2015-11,2015-11-30,2015-12-11,official_release,2026-10-07T16:41:31+08:00,13.7,percent_yoy,https://www.pbc.gov.cn/diaochatongjisi/116219/116225/eaa8c83b22bb4532b094b87341a94379/index.html,https://www.pbc.gov.cn/diaochatongjisi/116219/116225/eaa8c83b22bb4532b094b87341a94379/index.html,2015-12-11,"[""release_date_has_official_evidence"", ""seeded_from_frozen_pr13_snapshot""]",
cn_m2,2015-12,2015-12-31,2016-01-15,official_release,2026-10-07T16:41:31+08:00,13.3,percent_yoy,https://www.pbc.gov.cn/diaochatongjisi/116219/116225/97765ac732da497b842c87a46b880718/index.html,https://www.pbc.gov.cn/diaochatongjisi/116219/116225/97765ac732da497b842c87a46b880718/index.html,2016-01-15,"[""release_date_has_official_evidence"", ""seeded_from_frozen_pr13_snapshot""]",
cn_m2,2016-01,2016-01-31,2016-02-16,official_release,2026-10-07T16:41:31+08:00,14.0,percent_yoy,https://www.pbc.gov.cn/diaochatongjisi/116219/116225/fd15709bca7b45b198afc93f55d767a3/index.html,https://www.pbc.gov.cn/diaochatongjisi/116219/116225/fd15709bca7b45b198afc93f55d767a3/index.html,2016-02-16,"[""release_date_has_official_evidence"", ""seeded_from_frozen_pr13_snapshot""]",
cn_m2,2016-02,2016-02-29,2016-03-11,official_release,2026-10-07T16:41:31+08:00,13.3,percent_yoy,https://www.pbc.gov.cn/diaochatongjisi/116219/116225/84e4f6fb07564c45801554e8b8bedd17/index.html,https://www.pbc.gov.cn/diaochatongjisi/116219/116225/84e4f6fb07564c45801554e8b8bedd17/index.html,2016-03-11,"[""release_date_has_official_evidence"", ""seeded_from_frozen_pr13_snapshot""]",
cn_m2,2016-03,2016-03-31,2016-04-15,official_release,2026-10-07T16:41:31+08:00,13.4,percent_yoy,https://www.pbc.gov.cn/diaochatongjisi/116219/116225/b45ddc8ff9aa45e099e30f53c2e1fec5/index.html,https://www.pbc.gov.cn/diaochatongjisi/116219/116225/b45ddc8ff9aa45e099e30f53c2e1fec5/index.html,2016-04-15,"[""release_date_has_official_evidence"", ""seeded_from_frozen_pr13_snapshot""]",
cn_m2,2016-04,2016-04-30,2016-05-13,official_release,2026-10-07T16:41:31+08:00,12.8,percent_yoy,https://www.pbc.gov.cn/diaochatongjisi/116219/116225/bb97dc6a565940eaafd7b79a8ae7e4ef/index.html,https://www.pbc.gov.cn/diaochatongjisi/116219/116225/bb97dc6a565940eaafd7b79a8ae7e4ef/index.html,2016-05-13,"[""release_date_has_official_evidence"", ""seeded_from_frozen_pr13_snapshot""]",
cn_m2,2016-05,2016-05-31,2016-06-15,official_release,2026-10-07T16:41:31+08:00,11.8,percent_yoy,https://www.pbc.gov.cn/diaochatongjisi/116219/116225/0f7a8957d2014b4d86ade7804cfb674c/index.html,https://www.pbc.gov.cn/diaochatongjisi/116219/116225/0f7a8957d2014b4d86ade7804cfb674c/index.html,2016-06-15,"[""release_date_has_official_evidence"", ""seeded_from_frozen_pr13_snapshot""]",
cn_m2,2016-06,2016-06-30,2016-07-15,official_release,2026-10-07T16:41:31+08:00,11.8,percent_yoy,https://www.pbc.gov.cn/diaochatongjisi/116219/116225/53bf0dee2dde44bc92ad9fc15a66f5f7/index.html,https://www.pbc.gov.cn/diaochatongjisi/116219/116225/53bf0dee2dde44bc92ad9fc15a66f5f7/index.html,2016-07-15,"[""release_date_has_official_evidence"", ""seeded_from_frozen_pr13_snapshot""]",
cn_m2,2016-07,2016-07-31,2016-08-12,official_release,2026-10-07T16:41:31+08:00,10.2,percent_yoy,https://www.pbc.gov.cn/diaochatongjisi/116219/116225/188a85c17d2a48ae9733a64831b1f6eb/index.html,https://www.pbc.gov.cn/diaochatongjisi/116219/116225/188a85c17d2a48ae9733a64831b1f6eb/index.html,2016-08-12,"[""release_date_has_official_evidence"", ""seeded_from_frozen_pr13_snapshot""]",
cn_m2,2016-08,2016-08-31,2016-09-14,official_release,2026-10-07T16:41:31+08:00,11.4,percent_yoy,https://www.pbc.gov.cn/diaochatongjisi/116219/116225/75695387a18c4cde885fc539a229eeb6/index.html,https://www.pbc.gov.cn/diaochatongjisi/116219/116225/75695387a18c4cde885fc539a229eeb6/index.html,2016-09-14,"[""release_date_has_official_evidence"", ""seeded_from_frozen_pr13_snapshot""]",
cn_m2,2016-09,2016-09-30,2016-10-18,official_release,2026-10-07T16:41:31+08:00,11.5,percent_yoy,https://www.pbc.gov.cn/diaochatongjisi/116219/116225/bbf60c6997224f89b6060da1b11b7019/index.html,https://www.pbc.gov.cn/diaochatongjisi/116219/116225/bbf60c6997224f89b6060da1b11b7019/index.html,2016-10-18,"[""release_date_has_official_evidence"", ""seeded_from_frozen_pr13_snapshot""]",
cn_m2,2016-10,2016-10-31,2016-11-11,official_release,2026-10-07T16:41:31+08:00,11.6,percent_yoy,https://www.pbc.gov.cn/diaochatongjisi/116219/116225/501826c9a0dc430ea4e6727161b9ec3c/index.html,https://www.pbc.gov.cn/diaochatongjisi/116219/116225/501826c9a0dc430ea4e6727161b9ec3c/index.html,2016-11-11,"[""release_date_has_official_evidence"", ""seeded_from_frozen_pr13_snapshot""]",
cn_m2,2016-11,2016-11-30,2016-12-14,official_release,2026-10-07T16:41:31+08:00,11.4,percent_yoy,https://www.pbc.gov.cn/diaochatongjisi/116219/116225/738510df8fe148b2b6b0569182dbb5f0/index.html,https://www.pbc.gov.cn/diaochatongjisi/116219/116225/738510df8fe148b2b6b0569182dbb5f0/index.html,2016-12-14,"[""release_date_has_official_evidence"", ""seeded_from_frozen_pr13_snapshot""]",
cn_m2,2016-12,2016-12-31,2017-01-12,official_release,2026-10-07T16:41:31+08:00,11.3,percent_yoy,https://www.pbc.gov.cn/diaochatongjisi/116219/116225/feba94fde88948c7ab01231513a3474a/index.html,https://www.pbc.gov.cn/diaochatongjisi/116219/116225/feba94fde88948c7ab01231513a3474a/index.html,2017-01-12,"[""release_date_has_official_evidence"", ""seeded_from_frozen_pr13_snapshot""]",
cn_m2,2017-01,2017-01-31,2017-02-14,official_release,2026-10-07T16:41:31+08:00,11.3,percent_yoy,https://www.pbc.gov.cn/diaochatongjisi/116219/116225/cda81530f91d43e196443fea525f6ee6/index.html,https://www.pbc.gov.cn/diaochatongjisi/116219/116225/cda81530f91d43e196443fea525f6ee6/index.html,2017-02-14,"[""release_date_has_official_evidence"", ""seeded_from_frozen_pr13_snapshot""]",
cn_m2,2017-02,2017-02-28,2017-03-09,official_release,2026-10-07T16:41:31+08:00,11.1,percent_yoy,https://www.pbc.gov.cn/diaochatongjisi/116219/116225/f978835f25cb4db4989a06d440b24024/index.html,https://www.pbc.gov.cn/diaochatongjisi/116219/116225/f978835f25cb4db4989a06d440b24024/index.html,2017-03-09,"[""release_date_has_official_evidence"", ""seeded_from_frozen_pr13_snapshot""]",
cn_m2,2017-03,2017-03-31,2017-04-14,official_release,2026-10-07T16:41:31+08:00,10.6,percent_yoy,https://www.pbc.gov.cn/diaochatongjisi/116219/116225/af0619cb0d1a4792af0e931de337624c/index.html,https://www.pbc.gov.cn/diaochatongjisi/116219/116225/af0619cb0d1a4792af0e931de337624c/index.html,2017-04-14,"[""release_date_has_official_evidence"", ""seeded_from_frozen_pr13_snapshot""]",
cn_m2,2017-04,2017-04-30,2017-05-12,official_release,2026-10-07T16:41:31+08:00,10.5,percent_yoy,https://www.pbc.gov.cn/diaochatongjisi/116219/116225/c6b44abc02814295804d2fc8711405cd/index.html,https://www.pbc.gov.cn/diaochatongjisi/116219/116225/c6b44abc02814295804d2fc8711405cd/index.html,2017-05-12,"[""release_date_has_official_evidence"", ""seeded_from_frozen_pr13_snapshot""]",
cn_m2,2017-05,2017-05-31,2017-06-14,official_release,2026-10-07T16:41:31+08:00,9.6,percent_yoy,https://www.pbc.gov.cn/diaochatongjisi/116219/116225/85720f7f8a494fdebbaa559d4a8ecee7/index.html,https://www.pbc.gov.cn/diaochatongjisi/116219/116225/85720f7f8a494fdebbaa559d4a8ecee7/index.html,2017-06-14,"[""release_date_has_official_evidence"", ""seeded_from_frozen_pr13_snapshot""]",
cn_m2,2017-06,2017-06-30,2017-07-12,official_release,2026-10-07T16:41:31+08:00,9.4,percent_yoy,https://www.pbc.gov.cn/diaochatongjisi/116219/116225/917804053156427bb9761665610bd953/index.html,https://www.pbc.gov.cn/diaochatongjisi/116219/116225/917804053156427bb9761665610bd953/index.html,2017-07-12,"[""release_date_has_official_evidence"", ""seeded_from_frozen_pr13_snapshot""]",
cn_m2,2017-07,2017-07-31,2017-08-15,official_release,2026-10-07T16:41:31+08:00,9.2,percent_yoy,https://www.pbc.gov.cn/diaochatongjisi/116219/116225/9c32c734b7b747f6a50fa698a8b17def/index.html,https://www.pbc.gov.cn/diaochatongjisi/116219/116225/9c32c734b7b747f6a50fa698a8b17def/index.html,2017-08-15,"[""release_date_has_official_evidence"", ""seeded_from_frozen_pr13_snapshot""]",
cn_m2,2017-08,2017-08-31,2017-09-15,official_release,2026-10-07T16:41:31+08:00,8.9,percent_yoy,https://www.pbc.gov.cn/diaochatongjisi/116219/116225/ccd145c8b07f44fb8b8997f3e1e18582/index.html,https://www.pbc.gov.cn/diaochatongjisi/116219/116225/ccd145c8b07f44fb8b8997f3e1e18582/index.html,2017-09-15,"[""release_date_has_official_evidence"", ""seeded_from_frozen_pr13_snapshot""]",
cn_m2,2017-09,2017-09-30,2017-10-14,official_release,2026-10-07T16:41:31+08:00,9.2,percent_yoy,https://www.pbc.gov.cn/diaochatongjisi/116219/116225/7bdaf576415141cb8e6ff35588ef4e32/index.html,https://www.pbc.gov.cn/diaochatongjisi/116219/116225/7bdaf576415141cb8e6ff35588ef4e32/index.html,2017-10-14,"[""release_date_has_official_evidence"", ""seeded_from_frozen_pr13_snapshot""]",
cn_m2,2017-10,2017-10-31,2017-11-13,official_release,2026-10-07T16:41:31+08:00,8.8,percent_yoy,https://www.pbc.gov.cn/diaochatongjisi/116219/116225/b32a2ebb92874688b7de59996bc6ee35/index.html,https://www.pbc.gov.cn/diaochatongjisi/116219/116225/b32a2ebb92874688b7de59996bc6ee35/index.html,2017-11-13,"[""release_date_has_official_evidence"", ""seeded_from_frozen_pr13_snapshot""]",
cn_m2,2017-11,2017-11-30,2017-12-11,official_release,2026-10-07T16:41:31+08:00,9.1,percent_yoy,https://www.pbc.gov.cn/diaochatongjisi/116219/116225/a83a5cac782641dca7891f117d73f4e8/index.html,https://www.pbc.gov.cn/diaochatongjisi/116219/116225/a83a5cac782641dca7891f117d73f4e8/index.html,2017-12-11,"[""release_date_has_official_evidence"", ""seeded_from_frozen_pr13_snapshot""]",
cn_m2,2017-12,2017-12-31,2018-01-12,official_release,2026-10-07T16:41:31+08:00,8.2,percent_yoy,https://www.pbc.gov.cn/diaochatongjisi/116219/116225/7511420fe1454c46807f7f5d9069cc3c/index.html,https://www.pbc.gov.cn/diaochatongjisi/116219/116225/7511420fe1454c46807f7f5d9069cc3c/index.html,2018-01-12,"[""release_date_has_official_evidence"", ""seeded_from_frozen_pr13_snapshot""]",
cn_m2,2018-01,2018-01-31,2018-02-12,official_release,2026-10-07T16:41:31+08:00,8.6,percent_yoy,https://www.pbc.gov.cn/diaochatongjisi/116219/116225/2d146cf183ff478b87eadfc421492f08/index.html,https://www.pbc.gov.cn/diaochatongjisi/116219/116225/2d146cf183ff478b87eadfc421492f08/index.html,2018-02-12,"[""release_date_has_official_evidence"", ""seeded_from_frozen_pr13_snapshot""]",
cn_m2,2018-02,2018-02-28,2018-03-09,official_release,2026-10-07T16:41:31+08:00,8.8,percent_yoy,https://www.pbc.gov.cn/diaochatongjisi/116219/116225/6c4d7eb51e044d8692eda435db7c8607/index.html,https://www.pbc.gov.cn/diaochatongjisi/116219/116225/6c4d7eb51e044d8692eda435db7c8607/index.html,2018-03-09,"[""release_date_has_official_evidence"", ""seeded_from_frozen_pr13_snapshot""]",
cn_m2,2018-03,2018-03-31,2018-04-13,official_release,2026-10-07T16:41:31+08:00,8.2,percent_yoy,https://www.pbc.gov.cn/diaochatongjisi/116219/116225/872aa7e9309d457ebc320681dac0b60b/index.html,https://www.pbc.gov.cn/diaochatongjisi/116219/116225/872aa7e9309d457ebc320681dac0b60b/index.html,2018-04-13,"[""release_date_has_official_evidence"", ""seeded_from_frozen_pr13_snapshot""]",
cn_m2,2018-04,2018-04-30,2018-05-11,official_release,2026-10-07T16:41:31+08:00,8.3,percent_yoy,https://www.pbc.gov.cn/diaochatongjisi/116219/116225/5b38d6d862a8427fb2fc3f26a32782eb/index.html,https://www.pbc.gov.cn/diaochatongjisi/116219/116225/5b38d6d862a8427fb2fc3f26a32782eb/index.html,2018-05-11,"[""release_date_has_official_evidence"", ""seeded_from_frozen_pr13_snapshot""]",
cn_m2,2018-05,2018-05-31,2018-06-12,official_release,2026-10-07T16:41:31+08:00,8.3,percent_yoy,https://www.pbc.gov.cn/diaochatongjisi/116219/116225/39c40d9801fe43baad09db4d64a3cc30/index.html,https://www.pbc.gov.cn/diaochatongjisi/116219/116225/39c40d9801fe43baad09db4d64a3cc30/index.html,2018-06-12,"[""release_date_has_official_evidence"", ""seeded_from_frozen_pr13_snapshot""]",
cn_m2,2018-06,2018-06-30,2018-07-13,official_release,2026-10-07T16:41:31+08:00,8.0,percent_yoy,https://www.pbc.gov.cn/diaochatongjisi/116219/116225/cdd9152e7bd74c1aab063631da872b44/index.html,https://www.pbc.gov.cn/diaochatongjisi/116219/116225/cdd9152e7bd74c1aab063631da872b44/index.html,2018-07-13,"[""release_date_has_official_evidence"", ""seeded_from_frozen_pr13_snapshot""]",
cn_m2,2018-07,2018-07-31,2018-08-13,official_release,2026-10-07T16:41:31+08:00,8.5,percent_yoy,https://www.pbc.gov.cn/diaochatongjisi/116219/116225/2d8fe4cbe89d4ac5b57580bf88d95bad/index.html,https://www.pbc.gov.cn/diaochatongjisi/116219/116225/2d8fe4cbe89d4ac5b57580bf88d95bad/index.html,2018-08-13,"[""release_date_has_official_evidence"", ""seeded_from_frozen_pr13_snapshot""]",
cn_m2,2018-08,2018-08-31,2018-09-12,official_release,2026-10-07T16:41:31+08:00,8.2,percent_yoy,https://www.pbc.gov.cn/diaochatongjisi/116219/116225/7d686194c5ac49f185ae51c92a1aa5d1/index.html,https://www.pbc.gov.cn/diaochatongjisi/116219/116225/7d686194c5ac49f185ae51c92a1aa5d1/index.html,2018-09-12,"[""release_date_has_official_evidence"", ""seeded_from_frozen_pr13_snapshot""]",
cn_m2,2018-09,2018-09-30,2018-10-17,official_release,2026-10-07T16:41:31+08:00,8.3,percent_yoy,https://www.pbc.gov.cn/diaochatongjisi/116219/116225/09b04ac75bfe45d38ade1e9b6bd317f6/index.html,https://www.pbc.gov.cn/diaochatongjisi/116219/116225/09b04ac75bfe45d38ade1e9b6bd317f6/index.html,2018-10-17,"[""release_date_has_official_evidence"", ""seeded_from_frozen_pr13_snapshot""]",
cn_m2,2018-10,2018-10-31,2018-11-13,official_release,2026-10-07T16:41:31+08:00,8.0,percent_yoy,https://www.pbc.gov.cn/diaochatongjisi/116219/116225/a7a07c14c5f74fe5be63ee840998373e/index.html,https://www.pbc.gov.cn/diaochatongjisi/116219/116225/a7a07c14c5f74fe5be63ee840998373e/index.html,2018-11-13,"[""release_date_has_official_evidence"", ""seeded_from_frozen_pr13_snapshot""]",
cn_m2,2018-11,2018-11-30,2018-12-11,official_release,2026-10-07T16:41:31+08:00,8.0,percent_yoy,https://www.pbc.gov.cn/diaochatongjisi/116219/116225/4e38e25701764e6f93623ccd43e02824/index.html,https://www.pbc.gov.cn/diaochatongjisi/116219/116225/4e38e25701764e6f93623ccd43e02824/index.html,2018-12-11,"[""release_date_has_official_evidence"", ""seeded_from_frozen_pr13_snapshot""]",
cn_m2,2018-12,2018-12-31,2019-01-15,official_release,2026-10-07T16:41:31+08:00,8.1,percent_yoy,https://www.pbc.gov.cn/diaochatongjisi/116219/116225/370befa3ce2042dfbc414b74f3b397b7/index.html,https://www.pbc.gov.cn/diaochatongjisi/116219/116225/370befa3ce2042dfbc414b74f3b397b7/index.html,2019-01-15,"[""release_date_has_official_evidence"", ""seeded_from_frozen_pr13_snapshot""]",
cn_m2,2019-01,2019-01-31,2019-02-15,official_release,2026-10-07T16:41:31+08:00,8.4,percent_yoy,https://www.pbc.gov.cn/diaochatongjisi/116219/116225/7edf9df774a54075bbe1ee1a2668d2de/index.html,https://www.pbc.gov.cn/diaochatongjisi/116219/116225/7edf9df774a54075bbe1ee1a2668d2de/index.html,2019-02-15,"[""release_date_has_official_evidence"", ""seeded_from_frozen_pr13_snapshot""]",
cn_m2,2019-02,2019-02-28,2019-03-10,official_release,2026-10-07T16:41:31+08:00,8.0,percent_yoy,https://www.pbc.gov.cn/diaochatongjisi/116219/116225/2e1a6b1acada49c1a209632913dd7372/index.html,https://www.pbc.gov.cn/diaochatongjisi/116219/116225/2e1a6b1acada49c1a209632913dd7372/index.html,2019-03-10,"[""release_date_has_official_evidence"", ""seeded_from_frozen_pr13_snapshot""]",
cn_m2,2019-03,2019-03-31,2019-04-12,official_release,2026-10-07T16:41:31+08:00,8.6,percent_yoy,https://www.pbc.gov.cn/diaochatongjisi/116219/116225/4818fd3dab79452b88397496fdd6798f/index.html,https://www.pbc.gov.cn/diaochatongjisi/116219/116225/4818fd3dab79452b88397496fdd6798f/index.html,2019-04-12,"[""release_date_has_official_evidence"", ""seeded_from_frozen_pr13_snapshot""]",
cn_m2,2019-04,2019-04-30,2019-05-09,official_release,2026-10-07T16:41:31+08:00,8.5,percent_yoy,https://www.pbc.gov.cn/diaochatongjisi/116219/116225/3c2f9ef3241c41d08397b3b59249a315/index.html,https://www.pbc.gov.cn/diaochatongjisi/116219/116225/3c2f9ef3241c41d08397b3b59249a315/index.html,2019-05-09,"[""release_date_has_official_evidence"", ""seeded_from_frozen_pr13_snapshot""]",
cn_m2,2019-05,2019-05-31,2019-06-12,official_release,2026-10-07T16:41:31+08:00,8.5,percent_yoy,https://www.pbc.gov.cn/diaochatongjisi/116219/116225/2edf6db10c484ffdb80a7ea24103f619/index.html,https://www.pbc.gov.cn/diaochatongjisi/116219/116225/2edf6db10c484ffdb80a7ea24103f619/index.html,2019-06-12,"[""release_date_has_official_evidence"", ""seeded_from_frozen_pr13_snapshot""]",
cn_m2,2019-06,2019-06-30,2019-07-12,official_release,2026-10-07T16:41:31+08:00,8.5,percent_yoy,https://www.pbc.gov.cn/diaochatongjisi/116219/116225/36f1df21079a43a9aa55ed47470fee39/index.html,https://www.pbc.gov.cn/diaochatongjisi/116219/116225/36f1df21079a43a9aa55ed47470fee39/index.html,2019-07-12,"[""release_date_has_official_evidence"", ""seeded_from_frozen_pr13_snapshot""]",
cn_m2,2019-07,2019-07-31,2019-08-12,official_release,2026-10-07T16:41:31+08:00,8.1,percent_yoy,https://www.pbc.gov.cn/diaochatongjisi/116219/116225/f1bf08eb3d234190b8f5bbfda7e849c0/index.html,https://www.pbc.gov.cn/diaochatongjisi/116219/116225/f1bf08eb3d234190b8f5bbfda7e849c0/index.html,2019-08-12,"[""release_date_has_official_evidence"", ""seeded_from_frozen_pr13_snapshot""]",
cn_m2,2019-08,2019-08-31,2019-09-11,official_release,2026-10-07T16:41:31+08:00,8.2,percent_yoy,https://www.pbc.gov.cn/diaochatongjisi/116219/116225/65f03fdfd3e848079dc5744d3e350433/index.html,https://www.pbc.gov.cn/diaochatongjisi/116219/116225/65f03fdfd3e848079dc5744d3e350433/index.html,2019-09-11,"[""release_date_has_official_evidence"", ""seeded_from_frozen_pr13_snapshot""]",
cn_m2,2019-09,2019-09-30,2019-10-15,official_release,2026-10-07T16:41:31+08:00,8.4,percent_yoy,https://www.pbc.gov.cn/diaochatongjisi/116219/116225/82d281896ed54b3f8df03a039330b997/index.html,https://www.pbc.gov.cn/diaochatongjisi/116219/116225/82d281896ed54b3f8df03a039330b997/index.html,2019-10-15,"[""release_date_has_official_evidence"", ""seeded_from_frozen_pr13_snapshot""]",
cn_m2,2019-10,2019-10-31,2019-11-11,official_release,2026-10-07T16:41:31+08:00,8.4,percent_yoy,https://www.pbc.gov.cn/diaochatongjisi/116219/116225/78851d4253ca4d19897561bd76da04cf/index.html,https://www.pbc.gov.cn/diaochatongjisi/116219/116225/78851d4253ca4d19897561bd76da04cf/index.html,2019-11-11,"[""release_date_has_official_evidence"", ""seeded_from_frozen_pr13_snapshot""]",
cn_m2,2019-11,2019-11-30,2019-12-10,official_release,2026-10-07T16:41:31+08:00,8.2,percent_yoy,https://www.pbc.gov.cn/diaochatongjisi/116219/116225/ad8855023c7a444c9b0ca7a1aeee9d45/index.html,https://www.pbc.gov.cn/diaochatongjisi/116219/116225/ad8855023c7a444c9b0ca7a1aeee9d45/index.html,2019-12-10,"[""release_date_has_official_evidence"", ""seeded_from_frozen_pr13_snapshot""]",
cn_m2,2019-12,2019-12-31,2020-01-16,official_release,2026-10-07T16:41:31+08:00,8.7,percent_yoy,https://www.pbc.gov.cn/diaochatongjisi/116219/116225/e5420050caef4bd194d3493587f1ccf3/index.html,https://www.pbc.gov.cn/diaochatongjisi/116219/116225/e5420050caef4bd194d3493587f1ccf3/index.html,2020-01-16,"[""release_date_has_official_evidence"", ""seeded_from_frozen_pr13_snapshot""]",
cn_m2,2020-01,2020-01-31,2020-02-20,official_release,2026-10-07T16:41:31+08:00,8.4,percent_yoy,https://www.pbc.gov.cn/diaochatongjisi/116219/116225/bcd66ffee22c4102b3e569236b67b5cc/index.html,https://www.pbc.gov.cn/diaochatongjisi/116219/116225/bcd66ffee22c4102b3e569236b67b5cc/index.html,2020-02-20,"[""release_date_has_official_evidence"", ""seeded_from_frozen_pr13_snapshot""]",
cn_m2,2020-02,2020-02-29,2020-03-11,official_release,2026-10-07T16:41:31+08:00,8.8,percent_yoy,https://www.pbc.gov.cn/diaochatongjisi/116219/116225/1a0947afef2f41a2afb51524ae22f906/index.html,https://www.pbc.gov.cn/diaochatongjisi/116219/116225/1a0947afef2f41a2afb51524ae22f906/index.html,2020-03-11,"[""release_date_has_official_evidence"", ""seeded_from_frozen_pr13_snapshot""]",
cn_m2,2020-03,2020-03-31,2020-04-10,official_release,2026-10-07T16:41:31+08:00,10.1,percent_yoy,https://www.pbc.gov.cn/diaochatongjisi/116219/116225/6dfb6fe26fd54d899c70f0f6c1ed48ea/index.html,https://www.pbc.gov.cn/diaochatongjisi/116219/116225/6dfb6fe26fd54d899c70f0f6c1ed48ea/index.html,2020-04-10,"[""release_date_has_official_evidence"", ""seeded_from_frozen_pr13_snapshot""]",
cn_m2,2020-04,2020-04-30,2020-05-11,official_release,2026-10-07T16:41:31+08:00,11.1,percent_yoy,https://www.pbc.gov.cn/diaochatongjisi/116219/116225/1ef2894f7ccc4118aeee124111981627/index.html,https://www.pbc.gov.cn/diaochatongjisi/116219/116225/1ef2894f7ccc4118aeee124111981627/index.html,2020-05-11,"[""release_date_has_official_evidence"", ""seeded_from_frozen_pr13_snapshot""]",
cn_m2,2020-05,2020-05-31,2020-06-10,official_release,2026-10-07T16:41:31+08:00,11.1,percent_yoy,https://www.pbc.gov.cn/diaochatongjisi/116219/116225/56bb60fda9174fbc80cf77211059ee44/index.html,https://www.pbc.gov.cn/diaochatongjisi/116219/116225/56bb60fda9174fbc80cf77211059ee44/index.html,2020-06-10,"[""release_date_has_official_evidence"", ""seeded_from_frozen_pr13_snapshot""]",
cn_m2,2020-06,2020-06-30,2020-07-10,official_release,2026-10-07T16:41:31+08:00,11.1,percent_yoy,https://www.pbc.gov.cn/diaochatongjisi/116219/116225/6fe260e946354c69b176d7084eea7796/index.html,https://www.pbc.gov.cn/diaochatongjisi/116219/116225/6fe260e946354c69b176d7084eea7796/index.html,2020-07-10,"[""release_date_has_official_evidence"", ""seeded_from_frozen_pr13_snapshot""]",
cn_m2,2020-07,2020-07-31,2020-08-11,official_release,2026-10-07T16:41:31+08:00,10.7,percent_yoy,https://www.pbc.gov.cn/diaochatongjisi/116219/116225/99867bfaedbb47c9bd96e0c8f183d638/index.html,https://www.pbc.gov.cn/diaochatongjisi/116219/116225/99867bfaedbb47c9bd96e0c8f183d638/index.html,2020-08-11,"[""release_date_has_official_evidence"", ""seeded_from_frozen_pr13_snapshot""]",
cn_m2,2020-08,2020-08-31,2020-09-11,official_release,2026-10-07T16:41:31+08:00,10.4,percent_yoy,https://www.pbc.gov.cn/diaochatongjisi/116219/116225/be8e91f117384eac8934a50d21a75e42/index.html,https://www.pbc.gov.cn/diaochatongjisi/116219/116225/be8e91f117384eac8934a50d21a75e42/index.html,2020-09-11,"[""release_date_has_official_evidence"", ""seeded_from_frozen_pr13_snapshot""]",
cn_m2,2020-09,2020-09-30,2020-10-14,official_release,2026-10-07T16:41:31+08:00,10.9,percent_yoy,https://www.pbc.gov.cn/diaochatongjisi/116219/116225/60a7ef6a806541ad96758ac95370721e/index.html,https://www.pbc.gov.cn/diaochatongjisi/116219/116225/60a7ef6a806541ad96758ac95370721e/index.html,2020-10-14,"[""release_date_has_official_evidence"", ""seeded_from_frozen_pr13_snapshot""]",
cn_m2,2020-10,2020-10-31,2020-11-11,official_release,2026-10-07T16:41:31+08:00,10.5,percent_yoy,https://www.pbc.gov.cn/diaochatongjisi/116219/116225/79a87e151d864ee6925342d92eaedd7e/index.html,https://www.pbc.gov.cn/diaochatongjisi/116219/116225/79a87e151d864ee6925342d92eaedd7e/index.html,2020-11-11,"[""release_date_has_official_evidence"", ""seeded_from_frozen_pr13_snapshot""]",
cn_m2,2020-11,2020-11-30,2020-12-09,official_release,2026-10-07T16:41:31+08:00,10.7,percent_yoy,https://www.pbc.gov.cn/diaochatongjisi/116219/116225/72cffad8b2fa4a3898c88321bfe06908/index.html,https://www.pbc.gov.cn/diaochatongjisi/116219/116225/72cffad8b2fa4a3898c88321bfe06908/index.html,2020-12-09,"[""release_date_has_official_evidence"", ""seeded_from_frozen_pr13_snapshot""]",
cn_m2,2020-12,2020-12-31,2021-01-12,official_release,2026-10-07T16:41:31+08:00,10.1,percent_yoy,https://www.pbc.gov.cn/diaochatongjisi/116219/116225/f67a498ba4df43bdbc4cc3053c6bc168/index.html,https://www.pbc.gov.cn/diaochatongjisi/116219/116225/f67a498ba4df43bdbc4cc3053c6bc168/index.html,2021-01-12,"[""release_date_has_official_evidence"", ""seeded_from_frozen_pr13_snapshot""]",
cn_m2,2021-01,2021-01-31,2021-02-09,official_release,2026-10-07T16:41:31+08:00,9.4,percent_yoy,https://www.pbc.gov.cn/diaochatongjisi/116219/116225/de29861e7a2848368ce269dfc31e6be6/index.html,https://www.pbc.gov.cn/diaochatongjisi/116219/116225/de29861e7a2848368ce269dfc31e6be6/index.html,2021-02-09,"[""release_date_has_official_evidence"", ""seeded_from_frozen_pr13_snapshot""]",
cn_m2,2021-02,2021-02-28,2021-03-10,official_release,2026-10-07T16:41:31+08:00,10.1,percent_yoy,https://www.pbc.gov.cn/diaochatongjisi/116219/116225/e8f0ed951dcb44aca265fb31ff7eeff6/index.html,https://www.pbc.gov.cn/diaochatongjisi/116219/116225/e8f0ed951dcb44aca265fb31ff7eeff6/index.html,2021-03-10,"[""release_date_has_official_evidence"", ""seeded_from_frozen_pr13_snapshot""]",
cn_m2,2021-03,2021-03-31,2021-04-12,official_release,2026-10-07T16:41:31+08:00,9.4,percent_yoy,https://www.pbc.gov.cn/diaochatongjisi/116219/116225/565787bbb7074e018bdee0080de52024/index.html,https://www.pbc.gov.cn/diaochatongjisi/116219/116225/565787bbb7074e018bdee0080de52024/index.html,2021-04-12,"[""release_date_has_official_evidence"", ""seeded_from_frozen_pr13_snapshot""]",
cn_m2,2021-04,2021-04-30,2021-05-12,official_release,2026-10-07T16:41:31+08:00,8.1,percent_yoy,https://www.pbc.gov.cn/diaochatongjisi/116219/116225/11a114b756b34c2dbf62b7ccebf6f8a9/index.html,https://www.pbc.gov.cn/diaochatongjisi/116219/116225/11a114b756b34c2dbf62b7ccebf6f8a9/index.html,2021-05-12,"[""release_date_has_official_evidence"", ""seeded_from_frozen_pr13_snapshot""]",
cn_m2,2021-05,2021-05-31,2021-06-10,official_release,2026-10-07T16:41:31+08:00,8.3,percent_yoy,https://www.pbc.gov.cn/diaochatongjisi/116219/116225/8547a25bf7384b908b4679dd352cee24/index.html,https://www.pbc.gov.cn/diaochatongjisi/116219/116225/8547a25bf7384b908b4679dd352cee24/index.html,2021-06-10,"[""release_date_has_official_evidence"", ""seeded_from_frozen_pr13_snapshot""]",
cn_m2,2021-06,2021-06-30,2021-07-09,official_release,2026-10-07T16:41:31+08:00,8.6,percent_yoy,https://www.pbc.gov.cn/diaochatongjisi/116219/116225/d3af357ad35b4fb78426c435987af0aa/index.html,https://www.pbc.gov.cn/diaochatongjisi/116219/116225/d3af357ad35b4fb78426c435987af0aa/index.html,2021-07-09,"[""release_date_has_official_evidence"", ""seeded_from_frozen_pr13_snapshot""]",
cn_m2,2021-07,2021-07-31,2021-08-11,official_release,2026-10-07T16:41:31+08:00,8.3,percent_yoy,https://www.pbc.gov.cn/diaochatongjisi/116219/116225/cbf663c7555049f291d3f8e0e2bae83f/index.html,https://www.pbc.gov.cn/diaochatongjisi/116219/116225/cbf663c7555049f291d3f8e0e2bae83f/index.html,2021-08-11,"[""release_date_has_official_evidence"", ""seeded_from_frozen_pr13_snapshot""]",
cn_m2,2021-08,2021-08-31,2021-09-10,official_release,2026-10-07T16:41:31+08:00,8.2,percent_yoy,https://www.pbc.gov.cn/diaochatongjisi/116219/116225/6ad95be1e9524d7f857544a295f07c82/index.html,https://www.pbc.gov.cn/diaochatongjisi/116219/116225/6ad95be1e9524d7f857544a295f07c82/index.html,2021-09-10,"[""release_date_has_official_evidence"", ""seeded_from_frozen_pr13_snapshot""]",
cn_m2,2021-09,2021-09-30,2021-10-13,official_release,2026-10-07T16:41:31+08:00,8.3,percent_yoy,https://www.pbc.gov.cn/diaochatongjisi/116219/116225/4eb6a532bbe14e14924f09dac64d6d0e/index.html,https://www.pbc.gov.cn/diaochatongjisi/116219/116225/4eb6a532bbe14e14924f09dac64d6d0e/index.html,2021-10-13,"[""release_date_has_official_evidence"", ""seeded_from_frozen_pr13_snapshot""]",
cn_m2,2021-10,2021-10-31,2021-11-10,official_release,2026-10-07T16:41:31+08:00,8.7,percent_yoy,https://www.pbc.gov.cn/diaochatongjisi/116219/116225/49c49e1c0f3945a58821af20b1d49e7b/index.html,https://www.pbc.gov.cn/diaochatongjisi/116219/116225/49c49e1c0f3945a58821af20b1d49e7b/index.html,2021-11-10,"[""release_date_has_official_evidence"", ""seeded_from_frozen_pr13_snapshot""]",
cn_m2,2021-11,2021-11-30,2021-12-09,official_release,2026-10-07T16:41:31+08:00,8.5,percent_yoy,https://www.pbc.gov.cn/diaochatongjisi/116219/116225/28034b83163d40d2bf5aacb2112e2062/index.html,https://www.pbc.gov.cn/diaochatongjisi/116219/116225/28034b83163d40d2bf5aacb2112e2062/index.html,2021-12-09,"[""release_date_has_official_evidence"", ""seeded_from_frozen_pr13_snapshot""]",
cn_m2,2021-12,2021-12-31,2022-01-12,official_release,2026-10-07T16:41:31+08:00,9.0,percent_yoy,https://www.pbc.gov.cn/diaochatongjisi/116219/116225/216996c140a74b30a2595ec8a8f58ce3/index.html,https://www.pbc.gov.cn/diaochatongjisi/116219/116225/216996c140a74b30a2595ec8a8f58ce3/index.html,2022-01-12,"[""release_date_has_official_evidence"", ""seeded_from_frozen_pr13_snapshot""]",
cn_m2,2022-01,2022-01-31,2022-02-10,official_release,2026-10-07T16:41:31+08:00,9.8,percent_yoy,https://www.pbc.gov.cn/diaochatongjisi/116219/116225/03855a5cd8494b8fa37f81b058a844fd/index.html,https://www.pbc.gov.cn/diaochatongjisi/116219/116225/03855a5cd8494b8fa37f81b058a844fd/index.html,2022-02-10,"[""release_date_has_official_evidence"", ""seeded_from_frozen_pr13_snapshot""]",
cn_m2,2022-02,2022-02-28,2022-03-11,official_release,2026-10-07T16:41:31+08:00,9.2,percent_yoy,https://www.pbc.gov.cn/diaochatongjisi/116219/116225/f8157ada86814e82a99d8629e07e0cba/index.html,https://www.pbc.gov.cn/diaochatongjisi/116219/116225/f8157ada86814e82a99d8629e07e0cba/index.html,2022-03-11,"[""release_date_has_official_evidence"", ""seeded_from_frozen_pr13_snapshot""]",
cn_m2,2022-03,2022-03-31,2022-04-11,official_release,2026-10-07T16:41:31+08:00,9.7,percent_yoy,https://www.pbc.gov.cn/diaochatongjisi/116219/116225/b120f9b0d55f4bf995f9b77bcce41757/index.html,https://www.pbc.gov.cn/diaochatongjisi/116219/116225/b120f9b0d55f4bf995f9b77bcce41757/index.html,2022-04-11,"[""release_date_has_official_evidence"", ""seeded_from_frozen_pr13_snapshot""]",
cn_m2,2022-04,2022-04-30,2022-05-13,official_release,2026-10-07T16:41:31+08:00,10.5,percent_yoy,https://www.pbc.gov.cn/diaochatongjisi/116219/116225/356bd109230b48ae9013b790520a3425/index.html,https://www.pbc.gov.cn/diaochatongjisi/116219/116225/356bd109230b48ae9013b790520a3425/index.html,2022-05-13,"[""release_date_has_official_evidence"", ""seeded_from_frozen_pr13_snapshot""]",
cn_m2,2022-05,2022-05-31,2022-06-10,official_release,2026-10-07T16:41:31+08:00,11.1,percent_yoy,https://www.pbc.gov.cn/diaochatongjisi/116219/116225/adc58e98876a43ac8f9a3f3ae9020178/index.html,https://www.pbc.gov.cn/diaochatongjisi/116219/116225/adc58e98876a43ac8f9a3f3ae9020178/index.html,2022-06-10,"[""release_date_has_official_evidence"", ""seeded_from_frozen_pr13_snapshot""]",
cn_m2,2022-06,2022-06-30,2022-07-11,official_release,2026-10-07T16:41:31+08:00,11.4,percent_yoy,https://www.pbc.gov.cn/diaochatongjisi/116219/116225/5e5f733aaa0f44228c7a1aa1d807871d/index.html,https://www.pbc.gov.cn/diaochatongjisi/116219/116225/5e5f733aaa0f44228c7a1aa1d807871d/index.html,2022-07-11,"[""release_date_has_official_evidence"", ""seeded_from_frozen_pr13_snapshot""]",
cn_m2,2022-07,2022-07-31,2022-08-12,official_release,2026-10-07T16:41:31+08:00,12.0,percent_yoy,https://www.pbc.gov.cn/diaochatongjisi/116219/116225/89a04f538b414573a827dd0666294e69/index.html,https://www.pbc.gov.cn/diaochatongjisi/116219/116225/89a04f538b414573a827dd0666294e69/index.html,2022-08-12,"[""release_date_has_official_evidence"", ""seeded_from_frozen_pr13_snapshot""]",
cn_m2,2022-08,2022-08-31,2022-09-09,official_release,2026-10-07T16:41:31+08:00,12.2,percent_yoy,https://www.pbc.gov.cn/diaochatongjisi/116219/116225/b2dfd3ad0adc4d3ca62f1adacea5fc09/index.html,https://www.pbc.gov.cn/diaochatongjisi/116219/116225/b2dfd3ad0adc4d3ca62f1adacea5fc09/index.html,2022-09-09,"[""release_date_has_official_evidence"", ""seeded_from_frozen_pr13_snapshot""]",
cn_m2,2022-09,2022-09-30,2022-10-11,official_release,2026-10-07T16:41:31+08:00,12.1,percent_yoy,https://www.pbc.gov.cn/diaochatongjisi/116219/116225/fb30cb8791924291b5365d3e092bc803/index.html,https://www.pbc.gov.cn/diaochatongjisi/116219/116225/fb30cb8791924291b5365d3e092bc803/index.html,2022-10-11,"[""release_date_has_official_evidence"", ""seeded_from_frozen_pr13_snapshot""]",
cn_m2,2022-10,2022-10-31,2022-11-10,official_release,2026-10-07T16:41:31+08:00,11.8,percent_yoy,https://www.pbc.gov.cn/diaochatongjisi/116219/116225/e15a1be918ed495488bf16af0fb7214f/index.html,https://www.pbc.gov.cn/diaochatongjisi/116219/116225/e15a1be918ed495488bf16af0fb7214f/index.html,2022-11-10,"[""release_date_has_official_evidence"", ""seeded_from_frozen_pr13_snapshot""]",
cn_m2,2022-11,2022-11-30,2022-12-12,official_release,2026-10-07T16:41:31+08:00,12.4,percent_yoy,https://www.pbc.gov.cn/diaochatongjisi/116219/116225/a0e7f0189181456d9fcde9ee5e423584/index.html,https://www.pbc.gov.cn/diaochatongjisi/116219/116225/a0e7f0189181456d9fcde9ee5e423584/index.html,2022-12-12,"[""release_date_has_official_evidence"", ""seeded_from_frozen_pr13_snapshot""]",
cn_m2,2022-12,2022-12-31,2023-01-10,official_release,2026-10-07T16:41:31+08:00,11.8,percent_yoy,https://www.pbc.gov.cn/diaochatongjisi/116219/116225/568387ff70be457590732b5e044f8e18/index.html,https://www.pbc.gov.cn/diaochatongjisi/116219/116225/568387ff70be457590732b5e044f8e18/index.html,2023-01-10,"[""release_date_has_official_evidence"", ""seeded_from_frozen_pr13_snapshot""]",
cn_m2,2023-01,2023-01-31,2023-02-10,official_release,2026-10-07T16:41:31+08:00,12.6,percent_yoy,https://www.pbc.gov.cn/diaochatongjisi/116219/116225/1421ef5774954fd795d2e2312daf0470/index.html,https://www.pbc.gov.cn/diaochatongjisi/116219/116225/1421ef5774954fd795d2e2312daf0470/index.html,2023-02-10,"[""release_date_has_official_evidence"", ""seeded_from_frozen_pr13_snapshot""]",
cn_m2,2023-02,2023-02-28,2023-03-10,official_release,2026-10-07T16:41:31+08:00,12.9,percent_yoy,https://www.pbc.gov.cn/diaochatongjisi/116219/116225/588b2401df5344f68b78d51b7396d743/index.html,https://www.pbc.gov.cn/diaochatongjisi/116219/116225/588b2401df5344f68b78d51b7396d743/index.html,2023-03-10,"[""release_date_has_official_evidence"", ""seeded_from_frozen_pr13_snapshot""]",
cn_m2,2023-03,2023-03-31,2023-04-11,official_release,2026-10-07T16:41:31+08:00,12.7,percent_yoy,https://www.pbc.gov.cn/diaochatongjisi/116219/116225/532709cd6dc346c6abd925556437511d/index.html,https://www.pbc.gov.cn/diaochatongjisi/116219/116225/532709cd6dc346c6abd925556437511d/index.html,2023-04-11,"[""release_date_has_official_evidence"", ""seeded_from_frozen_pr13_snapshot""]",
cn_m2,2023-04,2023-04-30,2023-05-11,official_release,2026-10-07T16:41:31+08:00,12.4,percent_yoy,https://www.pbc.gov.cn/diaochatongjisi/116219/116225/1bb8759c90de4353b2a93e00438375e3/index.html,https://www.pbc.gov.cn/diaochatongjisi/116219/116225/1bb8759c90de4353b2a93e00438375e3/index.html,2023-05-11,"[""release_date_has_official_evidence"", ""seeded_from_frozen_pr13_snapshot""]",
cn_m2,2023-05,2023-05-31,2023-06-13,official_release,2026-10-07T16:41:31+08:00,11.6,percent_yoy,https://www.pbc.gov.cn/diaochatongjisi/116219/116225/0755aafdab32428daa12f2cf682c81ba/index.html,https://www.pbc.gov.cn/diaochatongjisi/116219/116225/0755aafdab32428daa12f2cf682c81ba/index.html,2023-06-13,"[""release_date_has_official_evidence"", ""seeded_from_frozen_pr13_snapshot""]",
cn_m2,2023-06,2023-06-30,2023-07-11,official_release,2026-10-07T16:41:31+08:00,11.3,percent_yoy,https://www.pbc.gov.cn/diaochatongjisi/116219/116225/33ed4f226f484e66a50446175026c639/index.html,https://www.pbc.gov.cn/diaochatongjisi/116219/116225/33ed4f226f484e66a50446175026c639/index.html,2023-07-11,"[""release_date_has_official_evidence"", ""seeded_from_frozen_pr13_snapshot""]",
cn_m2,2023-07,2023-07-31,2023-08-11,official_release,2026-10-07T16:41:31+08:00,10.7,percent_yoy,https://www.pbc.gov.cn/diaochatongjisi/116219/116225/88fe2f6caa7d46e8ba029def777c7831/index.html,https://www.pbc.gov.cn/diaochatongjisi/116219/116225/88fe2f6caa7d46e8ba029def777c7831/index.html,2023-08-11,"[""release_date_has_official_evidence"", ""seeded_from_frozen_pr13_snapshot""]",
cn_m2,2023-08,2023-08-31,2023-09-11,official_release,2026-10-07T16:41:31+08:00,10.6,percent_yoy,https://www.pbc.gov.cn/diaochatongjisi/116219/116225/f30cb865aa774555bccb5ae49470007c/index.html,https://www.pbc.gov.cn/diaochatongjisi/116219/116225/f30cb865aa774555bccb5ae49470007c/index.html,2023-09-11,"[""release_date_has_official_evidence"", ""seeded_from_frozen_pr13_snapshot""]",
cn_m2,2023-09,2023-09-30,2023-10-13,official_release,2026-10-07T16:41:31+08:00,10.3,percent_yoy,https://www.pbc.gov.cn/diaochatongjisi/116219/116225/13726e91dd8d4423b12ec14955d6601a/index.html,https://www.pbc.gov.cn/diaochatongjisi/116219/116225/13726e91dd8d4423b12ec14955d6601a/index.html,2023-10-13,"[""release_date_has_official_evidence"", ""seeded_from_frozen_pr13_snapshot""]",
cn_m2,2023-10,2023-10-31,2023-11-13,official_release,2026-10-07T16:41:31+08:00,10.3,percent_yoy,https://www.pbc.gov.cn/diaochatongjisi/116219/116225/8393556d383747a3bc6ad513618ae523/index.html,https://www.pbc.gov.cn/diaochatongjisi/116219/116225/8393556d383747a3bc6ad513618ae523/index.html,2023-11-13,"[""release_date_has_official_evidence"", ""seeded_from_frozen_pr13_snapshot""]",
cn_m2,2023-11,2023-11-30,2023-12-13,official_release,2026-10-07T16:41:31+08:00,10.0,percent_yoy,https://www.pbc.gov.cn/diaochatongjisi/116219/116225/b21be1ab65c94424a612a7666d605a1b/index.html,https://www.pbc.gov.cn/diaochatongjisi/116219/116225/b21be1ab65c94424a612a7666d605a1b/index.html,2023-12-13,"[""release_date_has_official_evidence"", ""seeded_from_frozen_pr13_snapshot""]",
cn_m2,2023-12,2023-12-31,2024-01-12,official_release,2026-10-07T16:41:31+08:00,9.7,percent_yoy,https://www.pbc.gov.cn/diaochatongjisi/116219/116225/1a6fe9c99e0b4b3ba35bbd038ef8535c/index.html,https://www.pbc.gov.cn/diaochatongjisi/116219/116225/1a6fe9c99e0b4b3ba35bbd038ef8535c/index.html,2024-01-12,"[""release_date_has_official_evidence"", ""seeded_from_frozen_pr13_snapshot""]",
cn_m2,2024-01,2024-01-31,2024-02-09,official_release,2026-10-07T16:41:31+08:00,8.7,percent_yoy,https://www.pbc.gov.cn/diaochatongjisi/116219/116225/a46e2ace126b4c4391b512bf4bde01f9/index.html,https://www.pbc.gov.cn/diaochatongjisi/116219/116225/a46e2ace126b4c4391b512bf4bde01f9/index.html,2024-02-09,"[""release_date_has_official_evidence"", ""seeded_from_frozen_pr13_snapshot""]",
cn_m2,2024-02,2024-02-29,2024-03-15,official_release,2026-10-07T16:41:31+08:00,8.7,percent_yoy,https://www.pbc.gov.cn/diaochatongjisi/116219/116225/92d0ec2dadd140219750ffd27571ca1a/index.html,https://www.pbc.gov.cn/diaochatongjisi/116219/116225/92d0ec2dadd140219750ffd27571ca1a/index.html,2024-03-15,"[""release_date_has_official_evidence"", ""seeded_from_frozen_pr13_snapshot""]",
cn_m2,2024-03,2024-03-31,2024-04-12,official_release,2026-10-07T16:41:31+08:00,8.3,percent_yoy,https://www.pbc.gov.cn/diaochatongjisi/116219/116225/5e836772302043d99354efa62c01029d/index.html,https://www.pbc.gov.cn/diaochatongjisi/116219/116225/5e836772302043d99354efa62c01029d/index.html,2024-04-12,"[""release_date_has_official_evidence"", ""seeded_from_frozen_pr13_snapshot""]",
cn_m2,2024-04,2024-04-30,2024-05-11,official_release,2026-10-07T16:41:31+08:00,7.2,percent_yoy,https://www.pbc.gov.cn/diaochatongjisi/116219/116225/755eb247554443c3aea852f0f11546a2/index.html,https://www.pbc.gov.cn/diaochatongjisi/116219/116225/755eb247554443c3aea852f0f11546a2/index.html,2024-05-11,"[""release_date_has_official_evidence"", ""seeded_from_frozen_pr13_snapshot""]",
cn_m2,2024-05,2024-05-31,2024-06-14,official_release,2026-10-07T16:41:31+08:00,7.0,percent_yoy,https://www.pbc.gov.cn/diaochatongjisi/116219/116225/b59c04b2e581418f9109dcdff76de699/index.html,https://www.pbc.gov.cn/diaochatongjisi/116219/116225/b59c04b2e581418f9109dcdff76de699/index.html,2024-06-14,"[""release_date_has_official_evidence"", ""seeded_from_frozen_pr13_snapshot""]",
cn_m2,2024-06,2024-06-30,2024-07-12,official_release,2026-10-07T16:41:31+08:00,6.2,percent_yoy,https://www.pbc.gov.cn/diaochatongjisi/116219/116225/25bd40fd26ae4b1488369f7df33ffc94/index.html,https://www.pbc.gov.cn/diaochatongjisi/116219/116225/25bd40fd26ae4b1488369f7df33ffc94/index.html,2024-07-12,"[""release_date_has_official_evidence"", ""seeded_from_frozen_pr13_snapshot""]",
cn_m2,2024-07,2024-07-31,2024-08-13,official_release,2026-10-07T16:41:31+08:00,6.3,percent_yoy,https://www.pbc.gov.cn/diaochatongjisi/116219/116225/8980a8a6f1414f649d3443cc09352c2b/index.html,https://www.pbc.gov.cn/diaochatongjisi/116219/116225/8980a8a6f1414f649d3443cc09352c2b/index.html,2024-08-13,"[""release_date_has_official_evidence"", ""seeded_from_frozen_pr13_snapshot""]",
cn_m2,2024-08,2024-08-31,2024-09-13,official_release,2026-10-07T16:41:31+08:00,6.3,percent_yoy,https://www.pbc.gov.cn/diaochatongjisi/116219/116225/41425ee3179143a29c4656e31b6df3d8/index.html,https://www.pbc.gov.cn/diaochatongjisi/116219/116225/41425ee3179143a29c4656e31b6df3d8/index.html,2024-09-13,"[""release_date_has_official_evidence"", ""seeded_from_frozen_pr13_snapshot""]",
cn_m2,2024-09,2024-09-30,2024-10-14,official_release,2026-10-07T16:41:31+08:00,6.8,percent_yoy,https://www.pbc.gov.cn/diaochatongjisi/116219/116225/02a6abaaea894de8b591846e295826e6/index.html,https://www.pbc.gov.cn/diaochatongjisi/116219/116225/02a6abaaea894de8b591846e295826e6/index.html,2024-10-14,"[""release_date_has_official_evidence"", ""seeded_from_frozen_pr13_snapshot""]",
cn_m2,2024-10,2024-10-31,2024-11-11,official_release,2026-10-07T16:41:31+08:00,7.5,percent_yoy,https://www.pbc.gov.cn/diaochatongjisi/116219/116225/6a9d1d8c3460445bb190bff0d58e4484/index.html,https://www.pbc.gov.cn/diaochatongjisi/116219/116225/6a9d1d8c3460445bb190bff0d58e4484/index.html,2024-11-11,"[""release_date_has_official_evidence"", ""seeded_from_frozen_pr13_snapshot""]",
cn_m2,2024-11,2024-11-30,2024-12-13,official_release,2026-10-07T16:41:31+08:00,7.1,percent_yoy,https://www.pbc.gov.cn/diaochatongjisi/116219/116225/6bfd794fa2a0407d9a1dbddb6fa3f77f/index.html,https://www.pbc.gov.cn/diaochatongjisi/116219/116225/6bfd794fa2a0407d9a1dbddb6fa3f77f/index.html,2024-12-13,"[""release_date_has_official_evidence"", ""seeded_from_frozen_pr13_snapshot""]",
cn_m2,2024-12,2024-12-31,2025-01-14,official_release,2026-10-07T16:41:31+08:00,7.3,percent_yoy,https://www.pbc.gov.cn/diaochatongjisi/116219/116225/5fb867cbec1b4772b8f6f98b5d0ede52/index.html,https://www.pbc.gov.cn/diaochatongjisi/116219/116225/5fb867cbec1b4772b8f6f98b5d0ede52/index.html,2025-01-14,"[""release_date_has_official_evidence"", ""seeded_from_frozen_pr13_snapshot""]",
cn_m2,2025-02,2025-02-28,2025-03-14,official_release,2026-10-07T16:41:31+08:00,7.0,percent_yoy,https://www.pbc.gov.cn/diaochatongjisi/116219/116225/2025080618505068053/index.html,https://www.pbc.gov.cn/diaochatongjisi/116219/116225/2025080618505068053/index.html,2025-03-14,"[""release_date_has_official_evidence"", ""seeded_from_frozen_pr13_snapshot""]",
cn_m2,2025-03,2025-03-31,2025-04-13,official_release,2026-10-07T16:41:31+08:00,7.0,percent_yoy,https://www.pbc.gov.cn/diaochatongjisi/116219/116225/2025080618505039987/index.html,https://www.pbc.gov.cn/diaochatongjisi/116219/116225/2025080618505039987/index.html,2025-04-13,"[""release_date_has_official_evidence"", ""seeded_from_frozen_pr13_snapshot""]",
cn_m2,2025-04,2025-04-30,2025-05-14,official_release,2026-10-07T16:41:31+08:00,8.0,percent_yoy,https://www.pbc.gov.cn/diaochatongjisi/116219/116225/2025080618505010475/index.html,https://www.pbc.gov.cn/diaochatongjisi/116219/116225/2025080618505010475/index.html,2025-05-14,"[""release_date_has_official_evidence"", ""seeded_from_frozen_pr13_snapshot""]",
cn_m2,2025-05,2025-05-31,2025-06-13,official_release,2026-10-07T16:41:31+08:00,7.9,percent_yoy,https://www.pbc.gov.cn/diaochatongjisi/116219/116225/2025080618505081124/index.html,https://www.pbc.gov.cn/diaochatongjisi/116219/116225/2025080618505081124/index.html,2025-06-13,"[""release_date_has_official_evidence"", ""seeded_from_frozen_pr13_snapshot""]",
cn_m2,2025-06,2025-06-30,2025-07-14,official_release,2026-10-07T16:41:31+08:00,8.3,percent_yoy,https://www.pbc.gov.cn/diaochatongjisi/116219/116225/2025080618505071886/index.html,https://www.pbc.gov.cn/diaochatongjisi/116219/116225/2025080618505071886/index.html,2025-07-14,"[""release_date_has_official_evidence"", ""seeded_from_frozen_pr13_snapshot""]",
cn_m2,2025-07,2025-07-31,2025-08-13,official_release,2026-10-07T16:41:31+08:00,8.8,percent_yoy,https://www.pbc.gov.cn/diaochatongjisi/116219/116225/2972dbe4d53540e5a9d0b5781c71480d/index.html,https://www.pbc.gov.cn/diaochatongjisi/116219/116225/2972dbe4d53540e5a9d0b5781c71480d/index.html,2025-08-13,"[""release_date_has_official_evidence"", ""seeded_from_frozen_pr13_snapshot""]",
cn_m2,2025-08,2025-08-31,2025-09-12,official_release,2026-10-07T16:41:31+08:00,8.8,percent_yoy,https://www.pbc.gov.cn/diaochatongjisi/116219/116225/e3120f58ec724fe1811d9dadf67232d2/index.html,https://www.pbc.gov.cn/diaochatongjisi/116219/116225/e3120f58ec724fe1811d9dadf67232d2/index.html,2025-09-12,"[""release_date_has_official_evidence"", ""seeded_from_frozen_pr13_snapshot""]",
cn_m2,2025-09,2025-09-30,2025-10-15,official_release,2026-10-07T16:41:31+08:00,8.4,percent_yoy,https://www.pbc.gov.cn/diaochatongjisi/116219/116225/dded7449c74144a19171f582bec9ed36/index.html,https://www.pbc.gov.cn/diaochatongjisi/116219/116225/dded7449c74144a19171f582bec9ed36/index.html,2025-10-15,"[""release_date_has_official_evidence"", ""seeded_from_frozen_pr13_snapshot""]",
cn_m2,2025-10,2025-10-31,2025-11-13,official_release,2026-10-07T16:41:31+08:00,8.2,percent_yoy,https://www.pbc.gov.cn/diaochatongjisi/116219/116225/f294561578884c22878d115780ba7c08/index.html,https://www.pbc.gov.cn/diaochatongjisi/116219/116225/f294561578884c22878d115780ba7c08/index.html,2025-11-13,"[""release_date_has_official_evidence"", ""seeded_from_frozen_pr13_snapshot""]",
cn_m2,2025-11,2025-11-30,2025-12-12,official_release,2026-10-07T16:41:31+08:00,8.0,percent_yoy,https://www.pbc.gov.cn/diaochatongjisi/116219/116225/2025121217132789688/index.html,https://www.pbc.gov.cn/diaochatongjisi/116219/116225/2025121217132789688/index.html,2025-12-12,"[""release_date_has_official_evidence"", ""seeded_from_frozen_pr13_snapshot""]",
cn_m2,2025-12,2025-12-31,2026-01-15,official_release,2026-10-07T16:41:31+08:00,8.5,percent_yoy,https://www.pbc.gov.cn/diaochatongjisi/116219/116225/2026011515015720511/index.html,https://www.pbc.gov.cn/diaochatongjisi/116219/116225/2026011515015720511/index.html,2026-01-15,"[""release_date_has_official_evidence"", ""seeded_from_frozen_pr13_snapshot""]",
cn_m2,2026-01,2026-01-31,2026-02-13,official_release,2026-10-07T16:41:31+08:00,9.0,percent_yoy,https://www.pbc.gov.cn/diaochatongjisi/116219/116225/2026021317031040775/index.html,https://www.pbc.gov.cn/diaochatongjisi/116219/116225/2026021317031040775/index.html,2026-02-13,"[""release_date_has_official_evidence"", ""seeded_from_frozen_pr13_snapshot""]",
cn_m2,2026-02,2026-02-28,2026-03-13,official_release,2026-10-07T16:41:31+08:00,9.0,percent_yoy,https://www.pbc.gov.cn/diaochatongjisi/116219/116225/2026031317020260950/index.html,https://www.pbc.gov.cn/diaochatongjisi/116219/116225/2026031317020260950/index.html,2026-03-13,"[""release_date_has_official_evidence"", ""seeded_from_frozen_pr13_snapshot""]",
cn_m2,2026-03,2026-03-31,2026-04-13,official_release,2026-10-07T16:41:31+08:00,8.5,percent_yoy,https://www.pbc.gov.cn/diaochatongjisi/116219/116225/2026041317011944771/index.html,https://www.pbc.gov.cn/diaochatongjisi/116219/116225/2026041317011944771/index.html,2026-04-13,"[""release_date_has_official_evidence"", ""seeded_from_frozen_pr13_snapshot""]",
cn_m2,2026-04,2026-04-30,2026-05-14,official_release,2026-10-07T16:41:31+08:00,8.6,percent_yoy,https://www.pbc.gov.cn/diaochatongjisi/116219/116225/2026051417030520490/index.html,https://www.pbc.gov.cn/diaochatongjisi/116219/116225/2026051417030520490/index.html,2026-05-14,"[""release_date_has_official_evidence"", ""seeded_from_frozen_pr13_snapshot""]",
cn_m2,2026-05,2026-05-31,2026-06-12,official_release,2026-10-07T16:41:31+08:00,8.6,percent_yoy,https://www.pbc.gov.cn/diaochatongjisi/116219/116225/2026061217051611931/index.html,https://www.pbc.gov.cn/diaochatongjisi/116219/116225/2026061217051611931/index.html,2026-06-12,"[""release_date_has_official_evidence"", ""seeded_from_frozen_pr13_snapshot""]",
cn_m2,2026-06,2026-06-30,2026-07-15,official_release,2026-10-07T16:41:31+08:00,8.0,percent_yoy,https://www.pbc.gov.cn/diaochatongjisi/116219/116225/2026071515025183948/index.html,https://www.pbc.gov.cn/diaochatongjisi/116219/116225/2026071515025183948/index.html,2026-07-15,"[""release_date_has_official_evidence"", ""seeded_from_frozen_pr13_snapshot""]",
cn_m2,2026-07,2026-07-31,2026-08-14,official_release,2026-10-07T16:41:31+08:00,7.7,percent_yoy,https://www.pbc.gov.cn/diaochatongjisi/116219/116225/2026081416320925645/index.html,https://www.pbc.gov.cn/diaochatongjisi/116219/116225/2026081416320925645/index.html,2026-08-14,"[""release_date_has_official_evidence"", ""seeded_from_frozen_pr13_snapshot""]",
cn_m2,2026-08,2026-08-31,2026-09-14,official_release,2026-10-07T16:41:31+08:00,7.5,percent_yoy,https://www.pbc.gov.cn/diaochatongjisi/116219/116225/2026091417020862747/index.html,https://www.pbc.gov.cn/diaochatongjisi/116219/116225/2026091417020862747/index.html,2026-09-14,"[""release_date_has_official_evidence"", ""seeded_from_frozen_pr13_snapshot""]",
cn_tsf_stock_yoy,2014-12,2014-12-31,2015-02-10,official_release,2026-10-07T16:51:53+08:00,14.3,percent_yoy,https://www.pbc.gov.cn/diaochatongjisi/116219/116225/2810586/index.html,https://www.pbc.gov.cn/diaochatongjisi/116219/116225/2810586/index.html,2015-02-10,"[""release_date_has_official_evidence"", ""seeded_from_frozen_pr13_snapshot""]",
cn_tsf_stock_yoy,2015-03,2015-03-31,2015-04-21,official_release,2026-10-07T16:51:53+08:00,12.9,percent_yoy,https://www.pbc.gov.cn/diaochatongjisi/116219/116225/2811782/index.html,https://www.pbc.gov.cn/diaochatongjisi/116219/116225/2811782/index.html,2015-04-21,"[""release_date_has_official_evidence"", ""seeded_from_frozen_pr13_snapshot""]",
cn_tsf_stock_yoy,2015-06,2015-06-30,2015-07-21,official_release,2026-10-07T16:51:53+08:00,11.9,percent_yoy,https://www.pbc.gov.cn/diaochatongjisi/116219/116225/2903266/index.html,https://www.pbc.gov.cn/diaochatongjisi/116219/116225/2903266/index.html,2015-07-21,"[""release_date_has_official_evidence"", ""seeded_from_frozen_pr13_snapshot""]",
cn_tsf_stock_yoy,2015-09,2015-09-30,2015-10-27,official_release,2026-10-07T16:51:53+08:00,12.5,percent_yoy,https://www.pbc.gov.cn/diaochatongjisi/116219/116225/f45f75fe834c456f9dae2037bb21b246/index.html,https://www.pbc.gov.cn/diaochatongjisi/116219/116225/f45f75fe834c456f9dae2037bb21b246/index.html,2015-10-27,"[""release_date_has_official_evidence"", ""seeded_from_frozen_pr13_snapshot""]",
cn_tsf_stock_yoy,2015-12,2015-12-31,2016-01-21,official_release,2026-10-07T16:51:53+08:00,12.4,percent_yoy,https://www.pbc.gov.cn/diaochatongjisi/116219/116225/76c1bf5d8c034cceb7be29f5fb3083e8/index.html,https://www.pbc.gov.cn/diaochatongjisi/116219/116225/76c1bf5d8c034cceb7be29f5fb3083e8/index.html,2016-01-21,"[""release_date_has_official_evidence"", ""seeded_from_frozen_pr13_snapshot""]",
cn_tsf_stock_yoy,2016-01,2016-01-31,2016-02-23,official_release,2026-10-07T16:51:53+08:00,13.1,percent_yoy,https://www.pbc.gov.cn/diaochatongjisi/116219/116225/cd78c16e0c6c447788b0a26997ded604/index.html,https://www.pbc.gov.cn/diaochatongjisi/116219/116225/cd78c16e0c6c447788b0a26997ded604/index.html,2016-02-23,"[""release_date_has_official_evidence"", ""seeded_from_frozen_pr13_snapshot""]",
cn_tsf_stock_yoy,2016-03,2016-03-31,2016-04-15,official_release,2026-10-07T16:51:53+08:00,13.4,percent_yoy,https://www.pbc.gov.cn/diaochatongjisi/116219/116225/03d0b72c518348a880937806f367d3ac/index.html,https://www.pbc.gov.cn/diaochatongjisi/116219/116225/03d0b72c518348a880937806f367d3ac/index.html,2016-04-15,"[""release_date_has_official_evidence"", ""seeded_from_frozen_pr13_snapshot""]",
cn_tsf_stock_yoy,2016-04,2016-04-30,2016-05-13,official_release,2026-10-07T16:51:53+08:00,13.1,percent_yoy,https://www.pbc.gov.cn/diaochatongjisi/116219/116225/b455551f61cb4582bb322ba3309c99e9/index.html,https://www.pbc.gov.cn/diaochatongjisi/116219/116225/b455551f61cb4582bb322ba3309c99e9/index.html,2016-05-13,"[""release_date_has_official_evidence"", ""seeded_from_frozen_pr13_snapshot""]",
cn_tsf_stock_yoy,2016-05,2016-05-31,2016-06-15,official_release,2026-10-07T16:51:53+08:00,12.6,percent_yoy,https://www.pbc.gov.cn/diaochatongjisi/116219/116225/c87c49353cbd492ea61d80ccf1aa4c84/index.html,https://www.pbc.gov.cn/diaochatongjisi/116219/116225/c87c49353cbd492ea61d80ccf1aa4c84/index.html,2016-06-15,"[""release_date_has_official_evidence"", ""seeded_from_frozen_pr13_snapshot""]",
cn_tsf_stock_yoy,2016-06,2016-06-30,2016-07-15,official_release,2026-10-07T16:51:53+08:00,12.3,percent_yoy,https://www.pbc.gov.cn/diaochatongjisi/116219/116225/7e0ce181fc7546298ea86962de93f0c5/index.html,https://www.pbc.gov.cn/diaochatongjisi/116219/116225/7e0ce181fc7546298ea86962de93f0c5/index.html,2016-07-15,"[""release_date_has_official_evidence"", ""seeded_from_frozen_pr13_snapshot""]",
cn_tsf_stock_yoy,2016-07,2016-07-31,2016-08-12,official_release,2026-10-07T16:51:53+08:00,12.2,percent_yoy,https://www.pbc.gov.cn/diaochatongjisi/116219/116225/fea83da4ff5f4f98a4bdac5660145fe3/index.html,https://www.pbc.gov.cn/diaochatongjisi/116219/116225/fea83da4ff5f4f98a4bdac5660145fe3/index.html,2016-08-12,"[""release_date_has_official_evidence"", ""seeded_from_frozen_pr13_snapshot""]",
cn_tsf_stock_yoy,2016-08,2016-08-31,2016-09-14,official_release,2026-10-07T16:51:53+08:00,12.3,percent_yoy,https://www.pbc.gov.cn/diaochatongjisi/116219/116225/dd4ee632ba014f7fb04d43615f35538b/index.html,https://www.pbc.gov.cn/diaochatongjisi/116219/116225/dd4ee632ba014f7fb04d43615f35538b/index.html,2016-09-14,"[""release_date_has_official_evidence"", ""seeded_from_frozen_pr13_snapshot""]",
cn_tsf_stock_yoy,2016-09,2016-09-30,2016-10-18,official_release,2026-10-07T16:51:53+08:00,12.5,percent_yoy,https://www.pbc.gov.cn/diaochatongjisi/116219/116225/36de8c6173514571b91a93ed90b835b1/index.html,https://www.pbc.gov.cn/diaochatongjisi/116219/116225/36de8c6173514571b91a93ed90b835b1/index.html,2016-10-18,"[""release_date_has_official_evidence"", ""seeded_from_frozen_pr13_snapshot""]",
cn_tsf_stock_yoy,2016-10,2016-10-31,2016-11-11,official_release,2026-10-07T16:51:53+08:00,12.7,percent_yoy,https://www.pbc.gov.cn/diaochatongjisi/116219/116225/0d28173ac5ae4633a68c75393546f34b/index.html,https://www.pbc.gov.cn/diaochatongjisi/116219/116225/0d28173ac5ae4633a68c75393546f34b/index.html,2016-11-11,"[""release_date_has_official_evidence"", ""seeded_from_frozen_pr13_snapshot""]",
cn_tsf_stock_yoy,2016-11,2016-11-30,2016-12-14,official_release,2026-10-07T16:51:53+08:00,13.3,percent_yoy,https://www.pbc.gov.cn/diaochatongjisi/116219/116225/94f3fe524bc44b0895d5aad5cb93b602/index.html,https://www.pbc.gov.cn/diaochatongjisi/116219/116225/94f3fe524bc44b0895d5aad5cb93b602/index.html,2016-12-14,"[""release_date_has_official_evidence"", ""seeded_from_frozen_pr13_snapshot""]",
cn_tsf_stock_yoy,2016-12,2016-12-31,2017-01-12,official_release,2026-10-07T16:51:53+08:00,12.8,percent_yoy,https://www.pbc.gov.cn/diaochatongjisi/116219/116225/b52402a769ff4032a49c816587d801a5/index.html,https://www.pbc.gov.cn/diaochatongjisi/116219/116225/b52402a769ff4032a49c816587d801a5/index.html,2017-01-12,"[""release_date_has_official_evidence"", ""seeded_from_frozen_pr13_snapshot""]",
cn_tsf_stock_yoy,2017-01,2017-01-31,2017-02-14,official_release,2026-10-07T16:51:53+08:00,12.8,percent_yoy,https://www.pbc.gov.cn/diaochatongjisi/116219/116225/3b2fd71aa3494f4aaa180bf4d8db9e14/index.html,https://www.pbc.gov.cn/diaochatongjisi/116219/116225/3b2fd71aa3494f4aaa180bf4d8db9e14/index.html,2017-02-14,"[""release_date_has_official_evidence"", ""seeded_from_frozen_pr13_snapshot""]",
cn_tsf_stock_yoy,2017-02,2017-02-28,2017-03-09,official_release,2026-10-07T16:51:53+08:00,12.8,percent_yoy,https://www.pbc.gov.cn/diaochatongjisi/116219/116225/baf407c74a8d4a6ca9a2688832a5340f/index.html,https://www.pbc.gov.cn/diaochatongjisi/116219/116225/baf407c74a8d4a6ca9a2688832a5340f/index.html,2017-03-09,"[""release_date_has_official_evidence"", ""seeded_from_frozen_pr13_snapshot""]",
cn_tsf_stock_yoy,2017-03,2017-03-31,2017-04-14,official_release,2026-10-07T16:51:53+08:00,12.5,percent_yoy,https://www.pbc.gov.cn/diaochatongjisi/116219/116225/c3b35d871a8b4f83aeaa1212bb49306e/index.html,https://www.pbc.gov.cn/diaochatongjisi/116219/116225/c3b35d871a8b4f83aeaa1212bb49306e/index.html,2017-04-14,"[""release_date_has_official_evidence"", ""seeded_from_frozen_pr13_snapshot""]",
cn_tsf_stock_yoy,2017-04,2017-04-30,2017-05-12,official_release,2026-10-07T16:51:53+08:00,12.8,percent_yoy,https://www.pbc.gov.cn/diaochatongjisi/116219/116225/eb239c1fbb9349da8b8c5f463806ef8d/index.html,https://www.pbc.gov.cn/diaochatongjisi/116219/116225/eb239c1fbb9349da8b8c5f463806ef8d/index.html,2017-05-12,"[""release_date_has_official_evidence"", ""seeded_from_frozen_pr13_snapshot""]",
cn_tsf_stock_yoy,2017-05,2017-05-31,2017-06-14,official_release,2026-10-07T16:51:53+08:00,12.9,percent_yoy,https://www.pbc.gov.cn/diaochatongjisi/116219/116225/cf6310da69274348bff1ad9754e39517/index.html,https://www.pbc.gov.cn/diaochatongjisi/116219/116225/cf6310da69274348bff1ad9754e39517/index.html,2017-06-14,"[""release_date_has_official_evidence"", ""seeded_from_frozen_pr13_snapshot""]",
cn_tsf_stock_yoy,2017-06,2017-06-30,2017-07-12,official_release,2026-10-07T16:51:53+08:00,12.8,percent_yoy,https://www.pbc.gov.cn/diaochatongjisi/116219/116225/813af3681d0845dca48501981a5463e7/index.html,https://www.pbc.gov.cn/diaochatongjisi/116219/116225/813af3681d0845dca48501981a5463e7/index.html,2017-07-12,"[""release_date_has_official_evidence"", ""seeded_from_frozen_pr13_snapshot""]",
cn_tsf_stock_yoy,2017-07,2017-07-31,2017-08-15,official_release,2026-10-07T16:51:53+08:00,13.2,percent_yoy,https://www.pbc.gov.cn/diaochatongjisi/116219/116225/317e2e301a5e4360bc090aca5c259569/index.html,https://www.pbc.gov.cn/diaochatongjisi/116219/116225/317e2e301a5e4360bc090aca5c259569/index.html,2017-08-15,"[""release_date_has_official_evidence"", ""seeded_from_frozen_pr13_snapshot""]",
cn_tsf_stock_yoy,2017-08,2017-08-31,2017-09-15,official_release,2026-10-07T16:51:53+08:00,13.1,percent_yoy,https://www.pbc.gov.cn/diaochatongjisi/116219/116225/1f9fddf5e1a144a2bfc54c6c33e15957/index.html,https://www.pbc.gov.cn/diaochatongjisi/116219/116225/1f9fddf5e1a144a2bfc54c6c33e15957/index.html,2017-09-15,"[""release_date_has_official_evidence"", ""seeded_from_frozen_pr13_snapshot""]",
cn_tsf_stock_yoy,2017-09,2017-09-30,2017-10-14,official_release,2026-10-07T16:51:53+08:00,13.0,percent_yoy,https://www.pbc.gov.cn/diaochatongjisi/116219/116225/35364fe81df54201a42ab417a34a3c70/index.html,https://www.pbc.gov.cn/diaochatongjisi/116219/116225/35364fe81df54201a42ab417a34a3c70/index.html,2017-10-14,"[""release_date_has_official_evidence"", ""seeded_from_frozen_pr13_snapshot""]",
cn_tsf_stock_yoy,2017-10,2017-10-31,2017-11-13,official_release,2026-10-07T16:51:53+08:00,13.0,percent_yoy,https://www.pbc.gov.cn/diaochatongjisi/116219/116225/7be14de703d74d1f93f6367c9fc126f8/index.html,https://www.pbc.gov.cn/diaochatongjisi/116219/116225/7be14de703d74d1f93f6367c9fc126f8/index.html,2017-11-13,"[""release_date_has_official_evidence"", ""seeded_from_frozen_pr13_snapshot""]",
cn_tsf_stock_yoy,2017-11,2017-11-30,2017-12-11,official_release,2026-10-07T16:51:53+08:00,12.5,percent_yoy,https://www.pbc.gov.cn/diaochatongjisi/116219/116225/35926b6d7ce74eb1a19ec3f5c1ee2301/index.html,https://www.pbc.gov.cn/diaochatongjisi/116219/116225/35926b6d7ce74eb1a19ec3f5c1ee2301/index.html,2017-12-11,"[""release_date_has_official_evidence"", ""seeded_from_frozen_pr13_snapshot""]",
cn_tsf_stock_yoy,2017-12,2017-12-31,2018-01-12,official_release,2026-10-07T16:51:53+08:00,12.0,percent_yoy,https://www.pbc.gov.cn/diaochatongjisi/116219/116225/2acc176e18964f72b9884a4ad2460fd1/index.html,https://www.pbc.gov.cn/diaochatongjisi/116219/116225/2acc176e18964f72b9884a4ad2460fd1/index.html,2018-01-12,"[""release_date_has_official_evidence"", ""seeded_from_frozen_pr13_snapshot""]",
cn_tsf_stock_yoy,2018-01,2018-01-31,2018-02-12,official_release,2026-10-07T16:51:53+08:00,11.3,percent_yoy,https://www.pbc.gov.cn/diaochatongjisi/116219/116225/15dd57f49e17434f8b5b6ad21a2bf577/index.html,https://www.pbc.gov.cn/diaochatongjisi/116219/116225/15dd57f49e17434f8b5b6ad21a2bf577/index.html,2018-02-12,"[""release_date_has_official_evidence"", ""seeded_from_frozen_pr13_snapshot""]",
cn_tsf_stock_yoy,2018-02,2018-02-28,2018-03-09,official_release,2026-10-07T16:51:53+08:00,11.2,percent_yoy,https://www.pbc.gov.cn/diaochatongjisi/116219/116225/94d2511fc57f4ed3a78c85083848e393/index.html,https://www.pbc.gov.cn/diaochatongjisi/116219/116225/94d2511fc57f4ed3a78c85083848e393/index.html,2018-03-09,"[""release_date_has_official_evidence"", ""seeded_from_frozen_pr13_snapshot""]",
cn_tsf_stock_yoy,2018-03,2018-03-31,2018-04-13,official_release,2026-10-07T16:51:53+08:00,10.5,percent_yoy,https://www.pbc.gov.cn/diaochatongjisi/116219/116225/f464aac3a1ac4bef8a3a1381ddd22899/index.html,https://www.pbc.gov.cn/diaochatongjisi/116219/116225/f464aac3a1ac4bef8a3a1381ddd22899/index.html,2018-04-13,"[""release_date_has_official_evidence"", ""seeded_from_frozen_pr13_snapshot""]",
cn_tsf_stock_yoy,2018-04,2018-04-30,2018-05-11,official_release,2026-10-07T16:51:53+08:00,10.5,percent_yoy,https://www.pbc.gov.cn/diaochatongjisi/116219/116225/ec6756c65d5f42b189a6f9fc4a0e860a/index.html,https://www.pbc.gov.cn/diaochatongjisi/116219/116225/ec6756c65d5f42b189a6f9fc4a0e860a/index.html,2018-05-11,"[""release_date_has_official_evidence"", ""seeded_from_frozen_pr13_snapshot""]",
cn_tsf_stock_yoy,2018-05,2018-05-31,2018-06-12,official_release,2026-10-07T16:51:53+08:00,10.3,percent_yoy,https://www.pbc.gov.cn/diaochatongjisi/116219/116225/6d70b1096aa4406d9d4a1b06c4b9436b/index.html,https://www.pbc.gov.cn/diaochatongjisi/116219/116225/6d70b1096aa4406d9d4a1b06c4b9436b/index.html,2018-06-12,"[""release_date_has_official_evidence"", ""seeded_from_frozen_pr13_snapshot""]",
cn_tsf_stock_yoy,2018-06,2018-06-30,2018-07-13,official_release,2026-10-07T16:51:53+08:00,9.8,percent_yoy,https://www.pbc.gov.cn/diaochatongjisi/116219/116225/333c83e9f4ec4c31a87bd517e7dc541b/index.html,https://www.pbc.gov.cn/diaochatongjisi/116219/116225/333c83e9f4ec4c31a87bd517e7dc541b/index.html,2018-07-13,"[""release_date_has_official_evidence"", ""seeded_from_frozen_pr13_snapshot""]",
cn_tsf_stock_yoy,2018-07,2018-07-31,2018-08-13,official_release,2026-10-07T16:51:53+08:00,10.3,percent_yoy,https://www.pbc.gov.cn/diaochatongjisi/116219/116225/352836472d1a48c19be8b9d19f2d9473/index.html,https://www.pbc.gov.cn/diaochatongjisi/116219/116225/352836472d1a48c19be8b9d19f2d9473/index.html,2018-08-13,"[""release_date_has_official_evidence"", ""seeded_from_frozen_pr13_snapshot""]",
cn_tsf_stock_yoy,2018-08,2018-08-31,2018-09-12,official_release,2026-10-07T16:51:53+08:00,10.1,percent_yoy,https://www.pbc.gov.cn/diaochatongjisi/116219/116225/40e6760d99b14faabdba2710c5661e5f/index.html,https://www.pbc.gov.cn/diaochatongjisi/116219/116225/40e6760d99b14faabdba2710c5661e5f/index.html,2018-09-12,"[""release_date_has_official_evidence"", ""seeded_from_frozen_pr13_snapshot""]",
cn_tsf_stock_yoy,2018-09,2018-09-30,2018-10-17,official_release,2026-10-07T16:51:53+08:00,10.6,percent_yoy,https://www.pbc.gov.cn/diaochatongjisi/116219/116225/031b9fe3f0e84f10ab01c564d8c8b43b/index.html,https://www.pbc.gov.cn/diaochatongjisi/116219/116225/031b9fe3f0e84f10ab01c564d8c8b43b/index.html,2018-10-17,"[""release_date_has_official_evidence"", ""seeded_from_frozen_pr13_snapshot""]",
cn_tsf_stock_yoy,2018-10,2018-10-31,2018-11-13,official_release,2026-10-07T16:51:53+08:00,10.2,percent_yoy,https://www.pbc.gov.cn/diaochatongjisi/116219/116225/9e90f3764bcd4a6f8a574538a70291fc/index.html,https://www.pbc.gov.cn/diaochatongjisi/116219/116225/9e90f3764bcd4a6f8a574538a70291fc/index.html,2018-11-13,"[""release_date_has_official_evidence"", ""seeded_from_frozen_pr13_snapshot""]",
cn_tsf_stock_yoy,2018-11,2018-11-30,2018-12-11,official_release,2026-10-07T16:51:53+08:00,9.9,percent_yoy,https://www.pbc.gov.cn/diaochatongjisi/116219/116225/caa7d86c3ad44a19b88e4e5846361526/index.html,https://www.pbc.gov.cn/diaochatongjisi/116219/116225/caa7d86c3ad44a19b88e4e5846361526/index.html,2018-12-11,"[""release_date_has_official_evidence"", ""seeded_from_frozen_pr13_snapshot""]",
cn_tsf_stock_yoy,2018-12,2018-12-31,2019-01-15,official_release,2026-10-07T16:51:53+08:00,9.8,percent_yoy,https://www.pbc.gov.cn/diaochatongjisi/116219/116225/3b0bdb22fdbc4f6ab4dfe3e3a027e4ad/index.html,https://www.pbc.gov.cn/diaochatongjisi/116219/116225/3b0bdb22fdbc4f6ab4dfe3e3a027e4ad/index.html,2019-01-15,"[""release_date_has_official_evidence"", ""seeded_from_frozen_pr13_snapshot""]",
cn_tsf_stock_yoy,2019-01,2019-01-31,2019-02-15,official_release,2026-10-07T16:51:53+08:00,10.4,percent_yoy,https://www.pbc.gov.cn/diaochatongjisi/116219/116225/cb4e819a78fe46c2a97762cf364c60df/index.html,https://www.pbc.gov.cn/diaochatongjisi/116219/116225/cb4e819a78fe46c2a97762cf364c60df/index.html,2019-02-15,"[""release_date_has_official_evidence"", ""seeded_from_frozen_pr13_snapshot""]",
cn_tsf_stock_yoy,2019-02,2019-02-28,2019-03-10,official_release,2026-10-07T16:51:53+08:00,10.1,percent_yoy,https://www.pbc.gov.cn/diaochatongjisi/116219/116225/48644aae3c7f4bf8b5a44190a7c05b86/index.html,https://www.pbc.gov.cn/diaochatongjisi/116219/116225/48644aae3c7f4bf8b5a44190a7c05b86/index.html,2019-03-10,"[""release_date_has_official_evidence"", ""seeded_from_frozen_pr13_snapshot""]",
cn_tsf_stock_yoy,2019-03,2019-03-31,2019-04-12,official_release,2026-10-07T16:51:53+08:00,10.7,percent_yoy,https://www.pbc.gov.cn/diaochatongjisi/116219/116225/d91113196ded4c70976a406fdeed5182/index.html,https://www.pbc.gov.cn/diaochatongjisi/116219/116225/d91113196ded4c70976a406fdeed5182/index.html,2019-04-12,"[""release_date_has_official_evidence"", ""seeded_from_frozen_pr13_snapshot""]",
cn_tsf_stock_yoy,2019-04,2019-04-30,2019-05-09,official_release,2026-10-07T16:51:53+08:00,10.4,percent_yoy,https://www.pbc.gov.cn/diaochatongjisi/116219/116225/e10a83e6c82f49eabc285f3c89a554cc/index.html,https://www.pbc.gov.cn/diaochatongjisi/116219/116225/e10a83e6c82f49eabc285f3c89a554cc/index.html,2019-05-09,"[""release_date_has_official_evidence"", ""seeded_from_frozen_pr13_snapshot""]",
cn_tsf_stock_yoy,2019-05,2019-05-31,2019-06-12,official_release,2026-10-07T16:51:53+08:00,10.6,percent_yoy,https://www.pbc.gov.cn/diaochatongjisi/116219/116225/4ba7e89d8ad3410bbca2b073f0d060f5/index.html,https://www.pbc.gov.cn/diaochatongjisi/116219/116225/4ba7e89d8ad3410bbca2b073f0d060f5/index.html,2019-06-12,"[""release_date_has_official_evidence"", ""seeded_from_frozen_pr13_snapshot""]",
cn_tsf_stock_yoy,2019-06,2019-06-30,2019-07-12,official_release,2026-10-07T16:51:53+08:00,10.9,percent_yoy,https://www.pbc.gov.cn/diaochatongjisi/116219/116225/b0d2da6acdb041f88d96c69575a7b3ac/index.html,https://www.pbc.gov.cn/diaochatongjisi/116219/116225/b0d2da6acdb041f88d96c69575a7b3ac/index.html,2019-07-12,"[""release_date_has_official_evidence"", ""seeded_from_frozen_pr13_snapshot""]",
cn_tsf_stock_yoy,2019-07,2019-07-31,2019-08-12,official_release,2026-10-07T16:51:53+08:00,10.7,percent_yoy,https://www.pbc.gov.cn/diaochatongjisi/116219/116225/285df50310154b129191f505414a299b/index.html,https://www.pbc.gov.cn/diaochatongjisi/116219/116225/285df50310154b129191f505414a299b/index.html,2019-08-12,"[""release_date_has_official_evidence"", ""seeded_from_frozen_pr13_snapshot""]",
cn_tsf_stock_yoy,2019-08,2019-08-31,2019-09-11,official_release,2026-10-07T16:51:53+08:00,10.7,percent_yoy,https://www.pbc.gov.cn/diaochatongjisi/116219/116225/38135afa37cc4023b31c0a15c18cd267/index.html,https://www.pbc.gov.cn/diaochatongjisi/116219/116225/38135afa37cc4023b31c0a15c18cd267/index.html,2019-09-11,"[""release_date_has_official_evidence"", ""seeded_from_frozen_pr13_snapshot""]",
cn_tsf_stock_yoy,2019-09,2019-09-30,2019-10-15,official_release,2026-10-07T16:51:53+08:00,10.8,percent_yoy,https://www.pbc.gov.cn/diaochatongjisi/116219/116225/1cd1f9ef49a44b02ab96992fe75f9758/index.html,https://www.pbc.gov.cn/diaochatongjisi/116219/116225/1cd1f9ef49a44b02ab96992fe75f9758/index.html,2019-10-15,"[""release_date_has_official_evidence"", ""seeded_from_frozen_pr13_snapshot""]",
cn_tsf_stock_yoy,2019-10,2019-10-31,2019-11-11,official_release,2026-10-07T16:51:53+08:00,10.7,percent_yoy,https://www.pbc.gov.cn/diaochatongjisi/116219/116225/0e86b5acf59d49e58b2f459d8609a801/index.html,https://www.pbc.gov.cn/diaochatongjisi/116219/116225/0e86b5acf59d49e58b2f459d8609a801/index.html,2019-11-11,"[""release_date_has_official_evidence"", ""seeded_from_frozen_pr13_snapshot""]",
cn_tsf_stock_yoy,2019-11,2019-11-30,2019-12-10,official_release,2026-10-07T16:51:53+08:00,10.7,percent_yoy,https://www.pbc.gov.cn/diaochatongjisi/116219/116225/255aa96bb4b745b4b086bbaf29b1ced8/index.html,https://www.pbc.gov.cn/diaochatongjisi/116219/116225/255aa96bb4b745b4b086bbaf29b1ced8/index.html,2019-12-10,"[""release_date_has_official_evidence"", ""seeded_from_frozen_pr13_snapshot""]",
cn_tsf_stock_yoy,2019-12,2019-12-31,2020-01-16,official_release,2026-10-07T16:51:53+08:00,10.7,percent_yoy,https://www.pbc.gov.cn/diaochatongjisi/116219/116225/4e41ac139d6b4e18b28488005f5fce7b/index.html,https://www.pbc.gov.cn/diaochatongjisi/116219/116225/4e41ac139d6b4e18b28488005f5fce7b/index.html,2020-01-16,"[""release_date_has_official_evidence"", ""seeded_from_frozen_pr13_snapshot""]",
cn_tsf_stock_yoy,2020-01,2020-01-31,2020-02-20,official_release,2026-10-07T16:51:53+08:00,10.7,percent_yoy,https://www.pbc.gov.cn/diaochatongjisi/116219/116225/d34e0501dfa74ee0a460f1e631c52bc3/index.html,https://www.pbc.gov.cn/diaochatongjisi/116219/116225/d34e0501dfa74ee0a460f1e631c52bc3/index.html,2020-02-20,"[""release_date_has_official_evidence"", ""seeded_from_frozen_pr13_snapshot""]",
cn_tsf_stock_yoy,2020-02,2020-02-29,2020-03-11,official_release,2026-10-07T16:51:53+08:00,10.7,percent_yoy,https://www.pbc.gov.cn/diaochatongjisi/116219/116225/a0d39ae2576340b5bc1a432882d4d231/index.html,https://www.pbc.gov.cn/diaochatongjisi/116219/116225/a0d39ae2576340b5bc1a432882d4d231/index.html,2020-03-11,"[""release_date_has_official_evidence"", ""seeded_from_frozen_pr13_snapshot""]",
cn_tsf_stock_yoy,2020-03,2020-03-31,2020-04-10,official_release,2026-10-07T16:51:53+08:00,11.5,percent_yoy,https://www.pbc.gov.cn/diaochatongjisi/116219/116225/60bac57f949f4c0c8dc94b32f8239b0e/index.html,https://www.pbc.gov.cn/diaochatongjisi/116219/116225/60bac57f949f4c0c8dc94b32f8239b0e/index.html,2020-04-10,"[""release_date_has_official_evidence"", ""seeded_from_frozen_pr13_snapshot""]",
cn_tsf_stock_yoy,2020-04,2020-04-30,2020-05-11,official_release,2026-10-07T16:51:53+08:00,12.0,percent_yoy,https://www.pbc.gov.cn/diaochatongjisi/116219/116225/bc82c215c2cf44d3be12cf2ae1fc4e05/index.html,https://www.pbc.gov.cn/diaochatongjisi/116219/116225/bc82c215c2cf44d3be12cf2ae1fc4e05/index.html,2020-05-11,"[""release_date_has_official_evidence"", ""seeded_from_frozen_pr13_snapshot""]",
cn_tsf_stock_yoy,2020-05,2020-05-31,2020-06-10,official_release,2026-10-07T16:51:53+08:00,12.5,percent_yoy,https://www.pbc.gov.cn/diaochatongjisi/116219/116225/afeba54c1a2a40ff8bc0455638681a5b/index.html,https://www.pbc.gov.cn/diaochatongjisi/116219/116225/afeba54c1a2a40ff8bc0455638681a5b/index.html,2020-06-10,"[""release_date_has_official_evidence"", ""seeded_from_frozen_pr13_snapshot""]",
cn_tsf_stock_yoy,2020-06,2020-06-30,2020-07-10,official_release,2026-10-07T16:51:53+08:00,12.8,percent_yoy,https://www.pbc.gov.cn/diaochatongjisi/116219/116225/fca95bbe2d5c404fa216623ba1b1fa4a/index.html,https://www.pbc.gov.cn/diaochatongjisi/116219/116225/fca95bbe2d5c404fa216623ba1b1fa4a/index.html,2020-07-10,"[""release_date_has_official_evidence"", ""seeded_from_frozen_pr13_snapshot""]",
cn_tsf_stock_yoy,2020-07,2020-07-31,2020-08-11,official_release,2026-10-07T16:51:53+08:00,12.9,percent_yoy,https://www.pbc.gov.cn/diaochatongjisi/116219/116225/613be1352bf744c88d77bddcc4bc79d0/index.html,https://www.pbc.gov.cn/diaochatongjisi/116219/116225/613be1352bf744c88d77bddcc4bc79d0/index.html,2020-08-11,"[""release_date_has_official_evidence"", ""seeded_from_frozen_pr13_snapshot""]",
cn_tsf_stock_yoy,2020-08,2020-08-31,2020-09-11,official_release,2026-10-07T16:51:53+08:00,13.3,percent_yoy,https://www.pbc.gov.cn/diaochatongjisi/116219/116225/109937570a444b029691225a182d4886/index.html,https://www.pbc.gov.cn/diaochatongjisi/116219/116225/109937570a444b029691225a182d4886/index.html,2020-09-11,"[""release_date_has_official_evidence"", ""seeded_from_frozen_pr13_snapshot""]",
cn_tsf_stock_yoy,2020-09,2020-09-30,2020-10-14,official_release,2026-10-07T16:51:53+08:00,13.5,percent_yoy,https://www.pbc.gov.cn/diaochatongjisi/116219/116225/05cf6159e7f4456f9da4bc38b13084de/index.html,https://www.pbc.gov.cn/diaochatongjisi/116219/116225/05cf6159e7f4456f9da4bc38b13084de/index.html,2020-10-14,"[""release_date_has_official_evidence"", ""seeded_from_frozen_pr13_snapshot""]",
cn_tsf_stock_yoy,2020-10,2020-10-31,2020-11-11,official_release,2026-10-07T16:51:53+08:00,13.7,percent_yoy,https://www.pbc.gov.cn/diaochatongjisi/116219/116225/c3bf937c598a46b4ab59de8f6e4f8b3c/index.html,https://www.pbc.gov.cn/diaochatongjisi/116219/116225/c3bf937c598a46b4ab59de8f6e4f8b3c/index.html,2020-11-11,"[""release_date_has_official_evidence"", ""seeded_from_frozen_pr13_snapshot""]",
cn_tsf_stock_yoy,2020-11,2020-11-30,2020-12-09,official_release,2026-10-07T16:51:53+08:00,13.6,percent_yoy,https://www.pbc.gov.cn/diaochatongjisi/116219/116225/89db4014b9124a19ab1000dca42d3889/index.html,https://www.pbc.gov.cn/diaochatongjisi/116219/116225/89db4014b9124a19ab1000dca42d3889/index.html,2020-12-09,"[""release_date_has_official_evidence"", ""seeded_from_frozen_pr13_snapshot""]",
cn_tsf_stock_yoy,2020-12,2020-12-31,2021-01-12,official_release,2026-10-07T16:51:53+08:00,13.3,percent_yoy,https://www.pbc.gov.cn/diaochatongjisi/116219/116225/ea07052cc43347288656faa124a27eaf/index.html,https://www.pbc.gov.cn/diaochatongjisi/116219/116225/ea07052cc43347288656faa124a27eaf/index.html,2021-01-12,"[""release_date_has_official_evidence"", ""seeded_from_frozen_pr13_snapshot""]",
cn_tsf_stock_yoy,2021-01,2021-01-31,2021-02-09,official_release,2026-10-07T16:51:53+08:00,13.0,percent_yoy,https://www.pbc.gov.cn/diaochatongjisi/116219/116225/5b94798c99f34e6d9cf5f00a662288ff/index.html,https://www.pbc.gov.cn/diaochatongjisi/116219/116225/5b94798c99f34e6d9cf5f00a662288ff/index.html,2021-02-09,"[""release_date_has_official_evidence"", ""seeded_from_frozen_pr13_snapshot""]",
cn_tsf_stock_yoy,2021-02,2021-02-28,2021-03-10,official_release,2026-10-07T16:51:53+08:00,13.3,percent_yoy,https://www.pbc.gov.cn/diaochatongjisi/116219/116225/680259d2f51442f9b09def97aac9b4d5/index.html,https://www.pbc.gov.cn/diaochatongjisi/116219/116225/680259d2f51442f9b09def97aac9b4d5/index.html,2021-03-10,"[""release_date_has_official_evidence"", ""seeded_from_frozen_pr13_snapshot""]",
cn_tsf_stock_yoy,2021-03,2021-03-31,2021-04-12,official_release,2026-10-07T16:51:53+08:00,12.3,percent_yoy,https://www.pbc.gov.cn/diaochatongjisi/116219/116225/df99386e79c249e8b077322beb45c109/index.html,https://www.pbc.gov.cn/diaochatongjisi/116219/116225/df99386e79c249e8b077322beb45c109/index.html,2021-04-12,"[""release_date_has_official_evidence"", ""seeded_from_frozen_pr13_snapshot""]",
cn_tsf_stock_yoy,2021-04,2021-04-30,2021-05-12,official_release,2026-10-07T16:51:53+08:00,11.7,percent_yoy,https://www.pbc.gov.cn/diaochatongjisi/116219/116225/9526cc10ab124976b60f79c65ed8b1d5/index.html,https://www.pbc.gov.cn/diaochatongjisi/116219/116225/9526cc10ab124976b60f79c65ed8b1d5/index.html,2021-05-12,"[""release_date_has_official_evidence"", ""seeded_from_frozen_pr13_snapshot""]",
cn_tsf_stock_yoy,2021-05,2021-05-31,2021-06-10,official_release,2026-10-07T16:51:53+08:00,11.0,percent_yoy,https://www.pbc.gov.cn/diaochatongjisi/116219/116225/c178277d2cee4281876fdfd673b0f5f9/index.html,https://www.pbc.gov.cn/diaochatongjisi/116219/116225/c178277d2cee4281876fdfd673b0f5f9/index.html,2021-06-10,"[""release_date_has_official_evidence"", ""seeded_from_frozen_pr13_snapshot""]",
cn_tsf_stock_yoy,2021-06,2021-06-30,2021-07-09,official_release,2026-10-07T16:51:53+08:00,11.0,percent_yoy,https://www.pbc.gov.cn/diaochatongjisi/116219/116225/4984d0332dfa4db080058c355a3d8c8e/index.html,https://www.pbc.gov.cn/diaochatongjisi/116219/116225/4984d0332dfa4db080058c355a3d8c8e/index.html,2021-07-09,"[""release_date_has_official_evidence"", ""seeded_from_frozen_pr13_snapshot""]",
cn_tsf_stock_yoy,2021-07,2021-07-31,2021-08-11,official_release,2026-10-07T16:51:53+08:00,10.7,percent_yoy,https://www.pbc.gov.cn/diaochatongjisi/116219/116225/de3ef518f75e4ea1823eed8096a95c3b/index.html,https://www.pbc.gov.cn/diaochatongjisi/116219/116225/de3ef518f75e4ea1823eed8096a95c3b/index.html,2021-08-11,"[""release_date_has_official_evidence"", ""seeded_from_frozen_pr13_snapshot""]",
cn_tsf_stock_yoy,2021-08,2021-08-31,2021-09-10,official_release,2026-10-07T16:51:53+08:00,10.3,percent_yoy,https://www.pbc.gov.cn/diaochatongjisi/116219/116225/bb22df0187ab474aaacfa4cb20bd37fc/index.html,https://www.pbc.gov.cn/diaochatongjisi/116219/116225/bb22df0187ab474aaacfa4cb20bd37fc/index.html,2021-09-10,"[""release_date_has_official_evidence"", ""seeded_from_frozen_pr13_snapshot""]",
cn_tsf_stock_yoy,2021-09,2021-09-30,2021-10-13,official_release,2026-10-07T16:51:53+08:00,10.0,percent_yoy,https://www.pbc.gov.cn/diaochatongjisi/116219/116225/b53c42aefcb34dccaafd77e1b6339429/index.html,https://www.pbc.gov.cn/diaochatongjisi/116219/116225/b53c42aefcb34dccaafd77e1b6339429/index.html,2021-10-13,"[""release_date_has_official_evidence"", ""seeded_from_frozen_pr13_snapshot""]",
cn_tsf_stock_yoy,2021-10,2021-10-31,2021-11-10,official_release,2026-10-07T16:51:53+08:00,10.0,percent_yoy,https://www.pbc.gov.cn/diaochatongjisi/116219/116225/f856e828ff0f40c0a6a2b57baf1b7eb3/index.html,https://www.pbc.gov.cn/diaochatongjisi/116219/116225/f856e828ff0f40c0a6a2b57baf1b7eb3/index.html,2021-11-10,"[""release_date_has_official_evidence"", ""seeded_from_frozen_pr13_snapshot""]",
cn_tsf_stock_yoy,2021-11,2021-11-30,2021-12-09,official_release,2026-10-07T16:51:53+08:00,10.1,percent_yoy,https://www.pbc.gov.cn/diaochatongjisi/116219/116225/46f1dae80c5b4452bc4d2a5e12cfd525/index.html,https://www.pbc.gov.cn/diaochatongjisi/116219/116225/46f1dae80c5b4452bc4d2a5e12cfd525/index.html,2021-12-09,"[""release_date_has_official_evidence"", ""seeded_from_frozen_pr13_snapshot""]",
cn_tsf_stock_yoy,2021-12,2021-12-31,2022-01-12,official_release,2026-10-07T16:51:53+08:00,10.3,percent_yoy,https://www.pbc.gov.cn/diaochatongjisi/116219/116225/cd7b8e7499964bf895939d9c25160cc1/index.html,https://www.pbc.gov.cn/diaochatongjisi/116219/116225/cd7b8e7499964bf895939d9c25160cc1/index.html,2022-01-12,"[""release_date_has_official_evidence"", ""seeded_from_frozen_pr13_snapshot""]",
cn_tsf_stock_yoy,2022-01,2022-01-31,2022-02-10,official_release,2026-10-07T16:51:53+08:00,10.5,percent_yoy,https://www.pbc.gov.cn/diaochatongjisi/116219/116225/6a396a524e194b28a4ac26e43bab72f4/index.html,https://www.pbc.gov.cn/diaochatongjisi/116219/116225/6a396a524e194b28a4ac26e43bab72f4/index.html,2022-02-10,"[""release_date_has_official_evidence"", ""seeded_from_frozen_pr13_snapshot""]",
cn_tsf_stock_yoy,2022-02,2022-02-28,2022-03-11,official_release,2026-10-07T16:51:53+08:00,10.2,percent_yoy,https://www.pbc.gov.cn/diaochatongjisi/116219/116225/ecb845b69c5f454e9579873d385eb856/index.html,https://www.pbc.gov.cn/diaochatongjisi/116219/116225/ecb845b69c5f454e9579873d385eb856/index.html,2022-03-11,"[""release_date_has_official_evidence"", ""seeded_from_frozen_pr13_snapshot""]",
cn_tsf_stock_yoy,2022-03,2022-03-31,2022-04-11,official_release,2026-10-07T16:51:53+08:00,10.6,percent_yoy,https://www.pbc.gov.cn/diaochatongjisi/116219/116225/9b464214288743c39453eb0667a576ca/index.html,https://www.pbc.gov.cn/diaochatongjisi/116219/116225/9b464214288743c39453eb0667a576ca/index.html,2022-04-11,"[""release_date_has_official_evidence"", ""seeded_from_frozen_pr13_snapshot""]",
cn_tsf_stock_yoy,2022-04,2022-04-30,2022-05-13,official_release,2026-10-07T16:51:53+08:00,10.2,percent_yoy,https://www.pbc.gov.cn/diaochatongjisi/116219/116225/13152c6f6c3249daab3f6bb52684895f/index.html,https://www.pbc.gov.cn/diaochatongjisi/116219/116225/13152c6f6c3249daab3f6bb52684895f/index.html,2022-05-13,"[""release_date_has_official_evidence"", ""seeded_from_frozen_pr13_snapshot""]",
cn_tsf_stock_yoy,2022-05,2022-05-31,2022-06-10,official_release,2026-10-07T16:51:53+08:00,10.5,percent_yoy,https://www.pbc.gov.cn/diaochatongjisi/116219/116225/4b1928b179cc44e59677e29e95f3d095/index.html,https://www.pbc.gov.cn/diaochatongjisi/116219/116225/4b1928b179cc44e59677e29e95f3d095/index.html,2022-06-10,"[""release_date_has_official_evidence"", ""seeded_from_frozen_pr13_snapshot""]",
cn_tsf_stock_yoy,2022-06,2022-06-30,2022-07-11,official_release,2026-10-07T16:51:53+08:00,10.8,percent_yoy,https://www.pbc.gov.cn/diaochatongjisi/116219/116225/013350cf90b3457bb2fe1cc87201297e/index.html,https://www.pbc.gov.cn/diaochatongjisi/116219/116225/013350cf90b3457bb2fe1cc87201297e/index.html,2022-07-11,"[""release_date_has_official_evidence"", ""seeded_from_frozen_pr13_snapshot""]",
cn_tsf_stock_yoy,2022-07,2022-07-31,2022-08-12,official_release,2026-10-07T16:51:53+08:00,10.7,percent_yoy,https://www.pbc.gov.cn/diaochatongjisi/116219/116225/689a13d5f84c4df3bc699dccea575190/index.html,https://www.pbc.gov.cn/diaochatongjisi/116219/116225/689a13d5f84c4df3bc699dccea575190/index.html,2022-08-12,"[""release_date_has_official_evidence"", ""seeded_from_frozen_pr13_snapshot""]",
cn_tsf_stock_yoy,2022-08,2022-08-31,2022-09-09,official_release,2026-10-07T16:51:53+08:00,10.5,percent_yoy,https://www.pbc.gov.cn/diaochatongjisi/116219/116225/9d1774ca36ef49d9b340696a6bf39f12/index.html,https://www.pbc.gov.cn/diaochatongjisi/116219/116225/9d1774ca36ef49d9b340696a6bf39f12/index.html,2022-09-09,"[""release_date_has_official_evidence"", ""seeded_from_frozen_pr13_snapshot""]",
cn_tsf_stock_yoy,2022-09,2022-09-30,2022-10-11,official_release,2026-10-07T16:51:53+08:00,10.6,percent_yoy,https://www.pbc.gov.cn/diaochatongjisi/116219/116225/1da4d3e592a842789438683f9edf5c1f/index.html,https://www.pbc.gov.cn/diaochatongjisi/116219/116225/1da4d3e592a842789438683f9edf5c1f/index.html,2022-10-11,"[""release_date_has_official_evidence"", ""seeded_from_frozen_pr13_snapshot""]",
cn_tsf_stock_yoy,2022-10,2022-10-31,2022-11-10,official_release,2026-10-07T16:51:53+08:00,10.3,percent_yoy,https://www.pbc.gov.cn/diaochatongjisi/116219/116225/ccf42a3544a54780a7ea31e6de181a99/index.html,https://www.pbc.gov.cn/diaochatongjisi/116219/116225/ccf42a3544a54780a7ea31e6de181a99/index.html,2022-11-10,"[""release_date_has_official_evidence"", ""seeded_from_frozen_pr13_snapshot""]",
cn_tsf_stock_yoy,2022-11,2022-11-30,2022-12-12,official_release,2026-10-07T16:51:53+08:00,10.0,percent_yoy,https://www.pbc.gov.cn/diaochatongjisi/116219/116225/708d5dd012744ead95a53fe8c58cacbd/index.html,https://www.pbc.gov.cn/diaochatongjisi/116219/116225/708d5dd012744ead95a53fe8c58cacbd/index.html,2022-12-12,"[""release_date_has_official_evidence"", ""seeded_from_frozen_pr13_snapshot""]",
cn_tsf_stock_yoy,2022-12,2022-12-31,2023-01-10,official_release,2026-10-07T16:51:53+08:00,9.6,percent_yoy,https://www.pbc.gov.cn/diaochatongjisi/116219/116225/54aa3f53ef374d53a4ad4f86753ab3b0/index.html,https://www.pbc.gov.cn/diaochatongjisi/116219/116225/54aa3f53ef374d53a4ad4f86753ab3b0/index.html,2023-01-10,"[""release_date_has_official_evidence"", ""seeded_from_frozen_pr13_snapshot""]",
cn_tsf_stock_yoy,2023-01,2023-01-31,2023-02-10,official_release,2026-10-07T16:51:53+08:00,9.4,percent_yoy,https://www.pbc.gov.cn/diaochatongjisi/116219/116225/b18b9809242245ebbd594f3380862d5b/index.html,https://www.pbc.gov.cn/diaochatongjisi/116219/116225/b18b9809242245ebbd594f3380862d5b/index.html,2023-02-10,"[""release_date_has_official_evidence"", ""seeded_from_frozen_pr13_snapshot""]",
cn_tsf_stock_yoy,2023-02,2023-02-28,2023-03-10,official_release,2026-10-07T16:51:53+08:00,9.9,percent_yoy,https://www.pbc.gov.cn/diaochatongjisi/116219/116225/6c813ffa481e407bb7a42052cedb0dd4/index.html,https://www.pbc.gov.cn/diaochatongjisi/116219/116225/6c813ffa481e407bb7a42052cedb0dd4/index.html,2023-03-10,"[""release_date_has_official_evidence"", ""seeded_from_frozen_pr13_snapshot""]",
cn_tsf_stock_yoy,2023-03,2023-03-31,2023-04-11,official_release,2026-10-07T16:51:53+08:00,10.0,percent_yoy,https://www.pbc.gov.cn/diaochatongjisi/116219/116225/369d4ffc82a6446ea356b571029c4951/index.html,https://www.pbc.gov.cn/diaochatongjisi/116219/116225/369d4ffc82a6446ea356b571029c4951/index.html,2023-04-11,"[""release_date_has_official_evidence"", ""seeded_from_frozen_pr13_snapshot""]",
cn_tsf_stock_yoy,2023-04,2023-04-30,2023-05-11,official_release,2026-10-07T16:51:53+08:00,10.0,percent_yoy,https://www.pbc.gov.cn/diaochatongjisi/116219/116225/8fa958b90e6644ef8f209316f9665174/index.html,https://www.pbc.gov.cn/diaochatongjisi/116219/116225/8fa958b90e6644ef8f209316f9665174/index.html,2023-05-11,"[""release_date_has_official_evidence"", ""seeded_from_frozen_pr13_snapshot""]",
cn_tsf_stock_yoy,2023-05,2023-05-31,2023-06-13,official_release,2026-10-07T16:51:53+08:00,9.5,percent_yoy,https://www.pbc.gov.cn/diaochatongjisi/116219/116225/4559dc18c87b4b88b779001dfb2218d8/index.html,https://www.pbc.gov.cn/diaochatongjisi/116219/116225/4559dc18c87b4b88b779001dfb2218d8/index.html,2023-06-13,"[""release_date_has_official_evidence"", ""seeded_from_frozen_pr13_snapshot""]",
cn_tsf_stock_yoy,2023-06,2023-06-30,2023-07-11,official_release,2026-10-07T16:51:53+08:00,9.0,percent_yoy,https://www.pbc.gov.cn/diaochatongjisi/116219/116225/305c194d33c5458d9c9f17e8d7e2e130/index.html,https://www.pbc.gov.cn/diaochatongjisi/116219/116225/305c194d33c5458d9c9f17e8d7e2e130/index.html,2023-07-11,"[""release_date_has_official_evidence"", ""seeded_from_frozen_pr13_snapshot""]",
cn_tsf_stock_yoy,2023-07,2023-07-31,2023-08-11,official_release,2026-10-07T16:51:53+08:00,8.9,percent_yoy,https://www.pbc.gov.cn/diaochatongjisi/116219/116225/a277a71d6e5d436fabb53029fc2c51e6/index.html,https://www.pbc.gov.cn/diaochatongjisi/116219/116225/a277a71d6e5d436fabb53029fc2c51e6/index.html,2023-08-11,"[""release_date_has_official_evidence"", ""seeded_from_frozen_pr13_snapshot""]",
cn_tsf_stock_yoy,2023-08,2023-08-31,2023-09-11,official_release,2026-10-07T16:51:53+08:00,9.0,percent_yoy,https://www.pbc.gov.cn/diaochatongjisi/116219/116225/8c86d4d42f4649fab6b8087f5f8ae74b/index.html,https://www.pbc.gov.cn/diaochatongjisi/116219/116225/8c86d4d42f4649fab6b8087f5f8ae74b/index.html,2023-09-11,"[""release_date_has_official_evidence"", ""seeded_from_frozen_pr13_snapshot""]",
cn_tsf_stock_yoy,2023-09,2023-09-30,2023-10-13,official_release,2026-10-07T16:51:53+08:00,9.0,percent_yoy,https://www.pbc.gov.cn/diaochatongjisi/116219/116225/8e5312084c0040a2b8dadae2badf1e63/index.html,https://www.pbc.gov.cn/diaochatongjisi/116219/116225/8e5312084c0040a2b8dadae2badf1e63/index.html,2023-10-13,"[""release_date_has_official_evidence"", ""seeded_from_frozen_pr13_snapshot""]",
cn_tsf_stock_yoy,2023-10,2023-10-31,2023-11-13,official_release,2026-10-07T16:51:53+08:00,9.3,percent_yoy,https://www.pbc.gov.cn/diaochatongjisi/116219/116225/f75e8897cc0c4408ae0f3037fdbd48b4/index.html,https://www.pbc.gov.cn/diaochatongjisi/116219/116225/f75e8897cc0c4408ae0f3037fdbd48b4/index.html,2023-11-13,"[""release_date_has_official_evidence"", ""seeded_from_frozen_pr13_snapshot""]",
cn_tsf_stock_yoy,2023-11,2023-11-30,2023-12-13,official_release,2026-10-07T16:51:53+08:00,9.4,percent_yoy,https://www.pbc.gov.cn/diaochatongjisi/116219/116225/1046bc429f1745ffb1d8ddbc0d53fd4d/index.html,https://www.pbc.gov.cn/diaochatongjisi/116219/116225/1046bc429f1745ffb1d8ddbc0d53fd4d/index.html,2023-12-13,"[""release_date_has_official_evidence"", ""seeded_from_frozen_pr13_snapshot""]",
cn_tsf_stock_yoy,2023-12,2023-12-31,2024-01-12,official_release,2026-10-07T16:51:53+08:00,9.5,percent_yoy,https://www.pbc.gov.cn/diaochatongjisi/116219/116225/5cfb772209e24a818f816b5a4301d2f8/index.html,https://www.pbc.gov.cn/diaochatongjisi/116219/116225/5cfb772209e24a818f816b5a4301d2f8/index.html,2024-01-12,"[""release_date_has_official_evidence"", ""seeded_from_frozen_pr13_snapshot""]",
cn_tsf_stock_yoy,2024-01,2024-01-31,2024-02-09,official_release,2026-10-07T16:51:53+08:00,9.5,percent_yoy,https://www.pbc.gov.cn/diaochatongjisi/116219/116225/29d3365dfab04cc0a1e50bf0df41bae4/index.html,https://www.pbc.gov.cn/diaochatongjisi/116219/116225/29d3365dfab04cc0a1e50bf0df41bae4/index.html,2024-02-09,"[""release_date_has_official_evidence"", ""seeded_from_frozen_pr13_snapshot""]",
cn_tsf_stock_yoy,2024-02,2024-02-29,2024-03-15,official_release,2026-10-07T16:51:53+08:00,9.0,percent_yoy,https://www.pbc.gov.cn/diaochatongjisi/116219/116225/5dc0e2cd02a44d65a66956de35df38d2/index.html,https://www.pbc.gov.cn/diaochatongjisi/116219/116225/5dc0e2cd02a44d65a66956de35df38d2/index.html,2024-03-15,"[""release_date_has_official_evidence"", ""seeded_from_frozen_pr13_snapshot""]",
cn_tsf_stock_yoy,2024-03,2024-03-31,2024-04-12,official_release,2026-10-07T16:51:53+08:00,8.7,percent_yoy,https://www.pbc.gov.cn/diaochatongjisi/116219/116225/6bcffbb8a7ab48cba539485196d0f8eb/index.html,https://www.pbc.gov.cn/diaochatongjisi/116219/116225/6bcffbb8a7ab48cba539485196d0f8eb/index.html,2024-04-12,"[""release_date_has_official_evidence"", ""seeded_from_frozen_pr13_snapshot""]",
cn_tsf_stock_yoy,2024-04,2024-04-30,2024-05-11,official_release,2026-10-07T16:51:53+08:00,8.3,percent_yoy,https://www.pbc.gov.cn/diaochatongjisi/116219/116225/ea01726dee194ec0bd95add708232c45/index.html,https://www.pbc.gov.cn/diaochatongjisi/116219/116225/ea01726dee194ec0bd95add708232c45/index.html,2024-05-11,"[""release_date_has_official_evidence"", ""seeded_from_frozen_pr13_snapshot""]",
cn_tsf_stock_yoy,2024-05,2024-05-31,2024-06-14,official_release,2026-10-07T16:51:53+08:00,8.4,percent_yoy,https://www.pbc.gov.cn/diaochatongjisi/116219/116225/2936e6c5389f4d7784611350ba44c952/index.html,https://www.pbc.gov.cn/diaochatongjisi/116219/116225/2936e6c5389f4d7784611350ba44c952/index.html,2024-06-14,"[""release_date_has_official_evidence"", ""seeded_from_frozen_pr13_snapshot""]",
cn_tsf_stock_yoy,2024-06,2024-06-30,2024-07-12,official_release,2026-10-07T16:51:53+08:00,8.1,percent_yoy,https://www.pbc.gov.cn/diaochatongjisi/116219/116225/1778643a232c44e4af332031fd86186c/index.html,https://www.pbc.gov.cn/diaochatongjisi/116219/116225/1778643a232c44e4af332031fd86186c/index.html,2024-07-12,"[""release_date_has_official_evidence"", ""seeded_from_frozen_pr13_snapshot""]",
cn_tsf_stock_yoy,2024-07,2024-07-31,2024-08-13,official_release,2026-10-07T16:51:53+08:00,8.2,percent_yoy,https://www.pbc.gov.cn/diaochatongjisi/116219/116225/1e20eedcca8c41d4aecdcf9470e57f5c/index.html,https://www.pbc.gov.cn/diaochatongjisi/116219/116225/1e20eedcca8c41d4aecdcf9470e57f5c/index.html,2024-08-13,"[""release_date_has_official_evidence"", ""seeded_from_frozen_pr13_snapshot""]",
cn_tsf_stock_yoy,2024-08,2024-08-31,2024-09-13,official_release,2026-10-07T16:51:53+08:00,8.1,percent_yoy,https://www.pbc.gov.cn/diaochatongjisi/116219/116225/eac7a4dd09d3436e8420c5980528c888/index.html,https://www.pbc.gov.cn/diaochatongjisi/116219/116225/eac7a4dd09d3436e8420c5980528c888/index.html,2024-09-13,"[""release_date_has_official_evidence"", ""seeded_from_frozen_pr13_snapshot""]",
cn_tsf_stock_yoy,2024-09,2024-09-30,2024-10-14,official_release,2026-10-07T16:51:53+08:00,8.0,percent_yoy,https://www.pbc.gov.cn/diaochatongjisi/116219/116225/def82c466abf44b8b4c750b93e0dc657/index.html,https://www.pbc.gov.cn/diaochatongjisi/116219/116225/def82c466abf44b8b4c750b93e0dc657/index.html,2024-10-14,"[""release_date_has_official_evidence"", ""seeded_from_frozen_pr13_snapshot""]",
cn_tsf_stock_yoy,2024-10,2024-10-31,2024-11-11,official_release,2026-10-07T16:51:53+08:00,7.8,percent_yoy,https://www.pbc.gov.cn/diaochatongjisi/116219/116225/5fe98a9deabd41e6a3e5e25896965984/index.html,https://www.pbc.gov.cn/diaochatongjisi/116219/116225/5fe98a9deabd41e6a3e5e25896965984/index.html,2024-11-11,"[""release_date_has_official_evidence"", ""seeded_from_frozen_pr13_snapshot""]",
cn_tsf_stock_yoy,2024-11,2024-11-30,2024-12-13,official_release,2026-10-07T16:51:53+08:00,7.8,percent_yoy,https://www.pbc.gov.cn/diaochatongjisi/116219/116225/0503511b427f4c78bc8cd577cc1888b3/index.html,https://www.pbc.gov.cn/diaochatongjisi/116219/116225/0503511b427f4c78bc8cd577cc1888b3/index.html,2024-12-13,"[""release_date_has_official_evidence"", ""seeded_from_frozen_pr13_snapshot""]",
cn_tsf_stock_yoy,2024-12,2024-12-31,2025-01-14,official_release,2026-10-07T16:51:53+08:00,8.0,percent_yoy,https://www.pbc.gov.cn/diaochatongjisi/116219/116225/a11eac6f438f498796e58609b5014d6c/index.html,https://www.pbc.gov.cn/diaochatongjisi/116219/116225/a11eac6f438f498796e58609b5014d6c/index.html,2025-01-14,"[""release_date_has_official_evidence"", ""seeded_from_frozen_pr13_snapshot""]",
cn_tsf_stock_yoy,2025-02,2025-02-28,2025-03-14,official_release,2026-10-07T16:51:53+08:00,8.2,percent_yoy,https://www.pbc.gov.cn/diaochatongjisi/116219/116225/2025080618505073824/index.html,https://www.pbc.gov.cn/diaochatongjisi/116219/116225/2025080618505073824/index.html,2025-03-14,"[""release_date_has_official_evidence"", ""seeded_from_frozen_pr13_snapshot""]",
cn_tsf_stock_yoy,2025-03,2025-03-31,2025-04-13,official_release,2026-10-07T16:51:53+08:00,8.4,percent_yoy,https://www.pbc.gov.cn/diaochatongjisi/116219/116225/2025080618505015531/index.html,https://www.pbc.gov.cn/diaochatongjisi/116219/116225/2025080618505015531/index.html,2025-04-13,"[""release_date_has_official_evidence"", ""seeded_from_frozen_pr13_snapshot""]",
cn_tsf_stock_yoy,2025-04,2025-04-30,2025-05-14,official_release,2026-10-07T16:51:53+08:00,8.7,percent_yoy,https://www.pbc.gov.cn/diaochatongjisi/116219/116225/2025080618505089313/index.html,https://www.pbc.gov.cn/diaochatongjisi/116219/116225/2025080618505089313/index.html,2025-05-14,"[""release_date_has_official_evidence"", ""seeded_from_frozen_pr13_snapshot""]",
cn_tsf_stock_yoy,2025-05,2025-05-31,2025-06-13,official_release,2026-10-07T16:51:53+08:00,8.7,percent_yoy,https://www.pbc.gov.cn/diaochatongjisi/116219/116225/2025080618505022412/index.html,https://www.pbc.gov.cn/diaochatongjisi/116219/116225/2025080618505022412/index.html,2025-06-13,"[""release_date_has_official_evidence"", ""seeded_from_frozen_pr13_snapshot""]",
cn_tsf_stock_yoy,2025-06,2025-06-30,2025-07-14,official_release,2026-10-07T16:51:53+08:00,8.9,percent_yoy,https://www.pbc.gov.cn/diaochatongjisi/116219/116225/2025080618505078072/index.html,https://www.pbc.gov.cn/diaochatongjisi/116219/116225/2025080618505078072/index.html,2025-07-14,"[""release_date_has_official_evidence"", ""seeded_from_frozen_pr13_snapshot""]",
cn_tsf_stock_yoy,2025-07,2025-07-31,2025-08-13,official_release,2026-10-07T16:51:53+08:00,9.0,percent_yoy,https://www.pbc.gov.cn/diaochatongjisi/116219/116225/4405816f165642d8b7d9ece44ea6f88a/index.html,https://www.pbc.gov.cn/diaochatongjisi/116219/116225/4405816f165642d8b7d9ece44ea6f88a/index.html,2025-08-13,"[""release_date_has_official_evidence"", ""seeded_from_frozen_pr13_snapshot""]",
cn_tsf_stock_yoy,2025-08,2025-08-31,2025-09-12,official_release,2026-10-07T16:51:53+08:00,8.8,percent_yoy,https://www.pbc.gov.cn/diaochatongjisi/116219/116225/35ec0aa27604417888826e7ff128cc4a/index.html,https://www.pbc.gov.cn/diaochatongjisi/116219/116225/35ec0aa27604417888826e7ff128cc4a/index.html,2025-09-12,"[""release_date_has_official_evidence"", ""seeded_from_frozen_pr13_snapshot""]",
